ticket_id,category,priority,content_words,resolution_content
MND-1009647,Ticket,P1,35,"regards, ph_name team kindly note that we will check this issue and get back to you ph_user ph_user kindly note that the provided transaction is rejected now as timeout please consider this ticket as closed"
MND-1008767,Ticket,P2,196,"regards, ph_name team please note that we will be checking this issue and we will update you soonest ph_user kindly note as per ph_user feedback, there is an edit action available on the 2 mentioned services above, please check the attached screenshots check and update us please check the last screenshot attached, there is an edit action that appeared from our side! kindly are there any updates kindly note that we have sent the password over email to ph_user please check and advise kindly note that we will check the issue again and update you asap kindly note that we have checked the issue wit our developers, and we will update you asap kindly note that we need access to the ph_technical pord to run a script that moves the workflow noted, i asked ph_user to unlock my account and reset the password kindly note that we have done your request, and the edit button has now appeared please check and advise in order to close the ticket kindly note that as per your last comment, we will consider this ticket closed, and you can re-open ph_path the ticket in case you face the same issue"
MND-1004571,Ticket,P2,79,"regards, ph_name team kindly note that we will check this issue and get back to you ph_user ph_user kindly note that as per your request by email all provided customer was set as default on ph_name kindly note that the new release that deployed over uat site contain a fix to add a rejection note, please verify it kindly note that the new release deployed over production server on ph_technical ph_technical ph_path and please consider this ticket as closed"
MND-1006061,Ticket,P1,140,"kindly note that your ticket is assigned apart from the content of the ph_technical file and the reply file mentioned in the description above, would you please provide both files in .csv format? regards, ph_user also, would you please provide a successful reply file from ph_name folder? this will help in identifying the issue with the reported reply file after reviewing the provided files please note that there is an issue with the rep file structure as mentioned below, please refer to any other rep file that was processed successfully and compare it with the attached one so you can identify the differences that caused the issue let us know in case if any further assistance required please advise if any further assistance required in this ticket otherwise, we will consider it as resolved and will proceed in closing it"
MND-1009618,Ticket,P3,474,"our engineers will get back to you in the next business day regards, ph_name team greetings kindly note that dev team still validating the case internally, as a workaround in order for you to test other cases, you ph_user create the user without assigning a ph_user on the creation page, then you can edit the user and assign the desired ph_user , we will get back to you about this case the soonest best regards, ph_user ph_user please complete the necessary sit for other areas and share with us your feedback if there's any other issues with the latest release, noting that we didn't ask this to be shared to business and this behavior we've suggested as a workaround is only for you to complete the sit , business team should be involved after we fix anything raised during the sit conducted by you based on our session , kindly note that this issue is not related to the last release, the issue is related to the db-restore activity done by dba at the ph_technical of september-2022 , we've patched the necessary constraints but for next restoration activities we prefer this to be done by us based on the same session , we've noticed that a lot of our ph_technical tables are linked to ph_technical table which got renamed and altered by your dba during the restoration process , so most of our constraints on the uat system are now linked to the renamed table ph_technical instead of ph_technical, this might cause issues with the data integrity and some cases might arise later on because of this on uat env reference to our previous conversation and based on our last session observations , kindly note that the current data existing on ph_technical schema on uat ph_technical has many constraint issues due to the restoration process used to rename current tables and keep our system constraints linked to the old tables, a new dump should be taken from prod ph_technical after working hours and restored to uat in order to ensure better data consistency , we also need the data from prod to test the archiving process we're about to start deploying on the new created schema, appreciate your quick action on this to prepare the necessary internally , also please let us know if there's any need for us to participate with your internal dba to take the necessary dump as per needed best regards, ph_user ph_user ph_user greetings we've switched the app to use the old schema ph_technical instead of ph_technical , and we have executed all of the latest uat release scripts on top of the old schema, the creation user issue is not showing we've verified that by creating a new user and approve it, please verify other items and get back to us if there's anything needed from our side"
MND-1009623,Ticket,P2,35,"please provide us with a screenshot of the case, and note that this ticket will be closed for any issues related to the ph_technical page, please inform us on the below ticket: ph_name : ph_link"
MND-1006956,Ticket,P2,67,"regards, ph_name team kindly we will provide you with the needed script asap best regards ph_user ph_user ph_name disk team as per our phone call, kindly note we create add the attached script to the hq database server and create a scheduled job for it to start at 11:59 ph_technical so ph_technical backup will be taken on daily bases at that time ph_user ph_name ph_name disk team"
MND-1005633,Ticket,P2,211,creating ph_user is not enough you have to ask your team to add ph_technical to these new groups using ph_user users could you please run below queries and provide us with the needed results from ph_technical schema ph_sql for this query we need one ph_item with ph_technical account type ph_sql ph_technical could share below last query : please run below on app and shd schemas and check if the issue resolved as it is appear in the query result it seems the approval process not take effect correctly on those records so this is update the records to appear as approved those update statements will not affect old records as both columns should have the correct value so if you have any issue with script you can take backup from the old table before execute the statement and in case any issue found after executing the script you can return the original table below both the backup and the update statement could you please arrange a call once the issue exist so we can connect and check the user and all details and fix it immediately yes please keep one ph_item with one of the codes that have this issue and arrange for a session and include one of the users
MND-1007244,Ticket,P3,608,"regards, ph_name team the ticket is acknowledged, we will update soon thank you as we have worked together , the progress till now: ph_logs ph_user by considering the bulk testing results below, let us plan to implement the new ph_user service to the production kindly let us know your feedback on this now let monitor following points from tomorrow: ph_technical quality data mismatch at the pay side like accout number, ph_technical customer name change kindly let us know if you have faced any issues as mentioned below, after implementing the new ph_technical kindly let us know the exact issue with ph_technical ph_technical ph_technical, as i checked the ph_technical information are same in outward and inward side, also the ph_technical and pay customer are also same is it related to the ph_technical intact issue we will check and update you ph_user as already informed , the ph_technical intact issue's fix is under development and will be updated this sunday please check and verify the ph_technical intact issue with the new delivered ph_technical , in the ticket ph_technical please update if the ph_technical intact issue is fixed after using the new cab as discussed in yesterday's meeting kindly implement the following trigger to avoid the update of the ph_technical customer name and trace further on the issue at the ph_technical table: ph_sql ph_user ph_name kindly let us know if any of the banks report such error being generated in the ui: also, help to check if such exception is there in the application ph_path logs as we checked all the logs(bank application logs ph_path logs ph_path logs ph_path services logs), no such exception was found so, i want to suggest to increase the log level for the ph_user service for few hours to check if the exception appears and again lower the log level once we are done kindly provide your feedback as well the recent issue reported mismatch in technical and financial page, we are checking this issue from our end , we will update you soon on this if necessary we ph_user need to connect to the bank as well, we will let you know could you please update if the ph_technical intact issue is solved ? for the ph_technical name mismatch in the technical and financial page, please proceed to change ph_technical in the datasource.properties under web-inf ph_path folder to make sure the context successfully set in the database by using ph_technical package please test in the uat for one full cycle and implement in the production kindly update if the issue is still there, ph_technical name mismatch is technical and financial ph_technical intact issue ph_technical name mismatch in outward and inward the issue under investigation at the development side the issue under investigation issue under investigation please find the attached file : ph_file and replace in the path ph_technical ph_path , please take backup before replacing after replacing the file kindly test the ph_technical customer name mismatch in the master query exchange report and also verify the ph_items information report also, let us know if there is mismatch in other section kindly check in the test site first and then we can plan for the production let us connect together and check this issue the file ph_file is for ph_item information report not for ph_item transaction report so, please click the print icon not the transactions icon, and check once again kindly update if the changes are applied the ticket will be closed for now, if any issues or queried please raise a new ticket kindly apply the attached ph_file file and check once again kindly update if you have applied the file in the production"
MND-1005061,Ticket,P2,166,"regards, ph_name team we will connect at 2:30 ph_technical ph_name time if that suits you please find the below meeting link ph_link regards as per our connection yesterday, we have done upgrade the latest version of ph_technical on uat please update us once done the testing to proceed with production kindly did you got approval for tomcat and https on production ph_technical and what about public and private key ph_technical also please suggest a time to connect can we connect at 3:00 ph_technical ph_name time ph_technical how about 11:00 am ph_name time tomorrow ph_technical thanks, greetings please join the meeting below ph_link thanks dears, recording to our session last thursday we proceeded deployment on prod server and replaced the tomcat by a newer version running on https kindly, we will consider this issue resolved and close this ticket ph_name problem: update tomcat version up and running using https investigation and simulation: development agile related issue : solution: 1- did we resolve the problem and its symptoms?"
MND-1005639,Ticket,P2,47,"could you please arrange a connection ph_user ph_technical ph_user ph_technical connected with the bank after the investigation we found that the onus module received an error “input not numeric” from your ph_technical on the ph_technical message, please check the mapping table from the ofs from your side"
MND-1005066,Ticket,P3,213,"regards, ph_name team as per the call with ph_user , kindly be informed that this ticket has been assigned to you ph_user ph_user can you please clarify more, as what do you mean the ph_technical ph_technicalwas not stopped in the scanning page ph_technical, also if you can provide a screen-shot it would be better we are aware of the process but i mean to clarify the issue that your are facing, anyways we prefer to connect to the server and business user in-order to check the case confirmed, please send the invitation waiting you in the call, will you join now? as agreed in our meeting there's no any blocker or issue on the ph_technical system, your request is to enhance the system behavior which is to reject the deposit-scanning in-case of the ph_technical account is for example closed, instead of get the rejection on deposit view ph_technical we will check your request internally and get back to you asap i'm changing the assignee to ph_user as we agreed, to discuss the change with the bank kindly find that after evaluation we realize that the bank is asking for extra validation which is considered a special customization for ph_name bank according please find that we will provide you with a proposal soon ph_user"
MND-1005265,Ticket,P1,320,"as discussed, the ph_user system is pulling the outward transactions from the ph_name table using database package and scheduler job, that will also do the mapping for outward transactions purpose code, in the reported case there were 4 transactions that contain the purpose description as ‘other’, when the job started and tried to map the description ‘other’ with the code in the ph_user lookup the result for the purpose came as null as there is no purpose named ‘other' in our lookup, therefore the transfer of the data wasn't completed as the ph_user table will not accept null value in the purpose code column after the bank team updated the purpose description to ‘others’ in the ph_name table the transactions were pulled successfully, as agreed please let us know if the purpose description has been changed at your end to add it to our lookup table or if there is any new purposes that needs to be added regards, as discussed, the purpose description ‘other’ has been mapped with the purpose ‘others’ in the uat environment, waiting your kind feedback please update us with the status of this ticket please note that the requested condition has been added, waiting your kind feedback please note that we will ph_user this ticket closed, since there were no updates, please let us know if any further support is needed as discussed, the issue appeared again in the production due to the mentioned error below, since the provided fix wasn't verified by the bank and not moved to production we will re-open the ticket as requested by the bank please note that the fix (update database package) is available in the test environment, please proceed with the testing the procedure has been updated as requested in the test environment, waiting your kind feedback please note that we will ph_user this ticket closed as the new database procedure has been added in the production environment"
MND-1005282,Ticket,P1,508,"best regards, ph_name please advice on which pages your getting error 500, and please note that you can check the slowness issue by check the request and response time by press f12 from the browser and check the network tab please ask your dba to provide the ph_technical and ph_technical reported from the ph_name db waiting for your reply please note that we're checking the reports and we will get back to you the soonest please note that we need access to your prod ph_technical in order to provide with the needed indexes to be create to solve this issue is there any update regarding this issue? please run the below sql statements on the test ph_technical schema in order to solve this issue and move the fix to the prod environment ph_sql please find the requested details below: deployment plan: please execute the the below statements on ph_technical schema: rollback plan: drop all the above created indexes by executing the below: release notes: this activity purpose is to fix the slowness issues that happened while filtering on data or viewing some pages deployment time: after the business daily session or in the weekend; noting that no restart required for the services please note that you need to run all the statement on ph_technical schema: and the below statement on ph_technical schema: noting that the ph_technical table owner is ph_technical schema since the ph_technical schema is an old schema that we used it a long time ago then we started to use ph_technical schema for this table waiting for your feedback please provide us with the below services logs: ph_technical lets schedule a meeting with the business users to check this issue lets schedule the meeting today after ph_technical if its suitable for you thanks and regards, please note that the meeting invitation shared with you by email please provide us with the output of the below query: please execute the below query: is there any update? please noted that we notcied that the new indexes applied successfully, please try to clear the brower cache and try please advice which release version of ph_name system you are using? please note that we need to connect to your site and check the effected screen in order to report them all to our dev team please share the teams meeting url we're checking with our dev team and get back to you please note that our dev is checking this issue and will update you the soonest please note that we've opened a gitlab ticket for the dev team regarding this issue: ph_link please note that we will provide you with a new release once it's ready in order to deploy it on uat in order to solve this issue please find the below url in order to download ph_name new release: please update us regarding the installation of the build file please note that we will close this ticket you ph_user open a new ticket for deployment once you download the build and move it to the test server"
MND-1006063,Ticket,P3,86,"regards, ph_name helpdesk team greetings we cant change the project name on the same ticket from our side, so we will cancel this ticket and kindly reopen a new one containing the correct name please confirm the above thank you, ph_user greetings as per the design the default account will be recorded only on the user device and as you mentioned which is correct the account will be the first one if there is no account on the user device regards, ph_name ph_user ph_name confirmed dear"
MND-1007557,Ticket,P3,43,"regards, ph_name team as per call you, kindly be informed that this ticket has been assigned to you ph_user ph_user ph_user please suggest a time to connect please suggest a time tomorrow to connect this issue is solved since last the dr activity"
MND-1005299,Ticket,P2,161,"regards, ph_name team please note that we will be checking this issue and will update you soonest we can ph_user please check the roots ph_technical because the issue might be from this ph_technical which is handled and developed from your side, this ph_technical responsible for all roots transactions including managing cards, and i am checking this issue from my side and will update you please note that after the user choose the card type and enter his pin code we are calling card-list api and it returned with “request timed out” as the screenshot attached shows, below you can see the request and response for this message: request: ph_code response: also there is no exceptions or indications of errors over back-end kindly your feedback please is there are any update? kindly note, based on your last comment we will consider this ticket as closed please feel free to open a new ticket at any time if you faced the issue again"
MND-1008598,Ticket,P3,555,"kindly your ticket is assigned just to confirm if you tested the ph_technical and restarted the ph_technical windows services? also, please send me a screenshot of the error and the windows event viewer to verify it there's no attachment, please send it again as discussed, please add the uat server ip ph_path to the client host file and try again please verify the below: ph_technical server ph_name have to be in the client host file and client ph_name have to be on the host file at the server unify the time and time zone between the client and the servers in the proxy: server should be in proxy exceptions on the client internet option in ph_file urls and entry folders should be configured correctly to connect to uat servers you ph_user send me the ph_technical file to verify it please try to call the below web service from the client's ph_technical to be sure if the client can communicate with the server through the dns name: ph_link this error is related to the ph_technical (oracle ph_technical), you ph_user try to check the ph_technical connection if the connection is established, it could be an issue with that database, so you can try to change it back to the oracle ph_technical and test again to be sure if it can fetch data or not please update us if it's required for any support on this ticket otherwise, we will consider it resolved please update us if you are able to test your case on oracle 12c if this will take time, we can close the ticket till you finalize the network issue in case of the pending change request, we will proceed with closing this uat ticket, and whenever you test and need support, you ph_user update us incase the issue is still available, we can re-open the same ticket can we connect to verify this issue? as per today's session, we conclude to issue with ph_technical uat schema, where when we changed to ph_technical production schema, the application has fitch account customers successfully you ph_user verify with the bank dba to look over this issue and compare the uat with the production schema as we explained before, the ph_technical is ph_name database which has the customer account information and we are not having any control on it we already tested ph_technical system by changed the ph_technical connection to production ph_technical database and it was working fine, so it could be issue with the uat ph_technical database my advise is to restore the production ph_technical to uat database so we can test it again sure, i will add him please copy the attached “ ph_technical ” to uat server to test it as i explained to you earlier, this ph_technical is an external database and it's not part of ph_technical application we already supported you in this case and found out that when we connect to the production ph_technical, the system is retrieving successfully we suggested retrieving the production schema to uat, but it was refused you ph_user refer to ph_technical ph_name ph_name for more information and ph_user he provide you with more details about it by this, we will consider this ticket resolved from our end we don't have a query, but we are retrieving from the below sample table ph_path : tables: ph_technical columns: ph_technical"
MND-1004647,Ticket,P3,0,
MND-1005313,Ticket,P2,61,"regards, ph_name team kindly note that we will check this issue and get back to you ph_user ph_user please find the below url for uat application, please test the deactivation issue : ios customer is: ph_link android customer is: ph_link kindly note that the new release deployed over production server on ph_technical ph_technical ph_path and please consider this ticket as closed"
MND-1009447,Ticket,P3,146,"as the business team complain that they have sometimes slowness on the system please provide us with below: 1- readiness on app server (ph_technical) 2- catalina logs from ph_path 3- ph_technical and ph_technical reports on the ph_technical level for the period that the users complained they have slowness 4- to check network between user machine and loadbalancer 5- to check if there any issue on the load balancer when it route to ph_technical regards waiting your kind feedback please note that we requested from the team to prepare ph_technical in order to proceed with ph_name release regarding slowness , please to attach the needed files on the ticket please let us know if you faced any slowness on the system during this week? please note that we will consider this ticket as closed if you face any issue, please don't hesitate to open a new ticket"
MND-1006671,Ticket,P2,78,"the ticket has been acknowledged regards, ph_user ph_user as we just connected and checked together, some of the transactions were stucked at waiting ph_name reply status in epg upon investigation, those transactions which were not updated were stucked at ph_technical in ph_technical activemq those transactions were manually retried and then the stucked transactions were updated the issue was resolved for now, and we are now further investigating on root cause of the issue we will update you asap"
MND-1005319,Ticket,P3,50,"regards, ph_name team kindly note that we sill check this issue and get back to you ph_user ph_user can you please provide us if there is any new case kindly note that the new release deployed over production server on ph_technical ph_technical ph_path and please consider this ticket as closed"
MND-1004667,Ticket,P2,280,"regards, ph_name team dears ph_user noted we will check with ph_name team to do the needed ph_user please suggest a time to connect and change the log together on the 2 application servers nodes bank ph_name ph_technical ph_technical kind reminder can we connect tomorrow at ph_technical ph_technical ph_name time? can we connect tomorrow at 12 pm ph_name time? please apply the change on the test server as we (me, ph_user and ph_user ) still do not have access to test servers and waiting for our pam requests to be approved it should be exactly the same to the steps that we did last week for another bank if you need our support or help feel free to provide connection so we can work on it together to change this you only need to change it in their profiles as needed ( ph_user , ph_technical, onus) and it does not require restarting the tomcat this is sit ph_technical, ip ending with 97.2 same in production once change is checked by the bank and approved it would be in the tomcat ph_path and ph_path tomcat ph_path and ph_path tomcat ph_path and replace the old files with the new logo files we just need to make sure that the logo image is the same size as the old one please not that it is applied on test site please check and confirm so we can proceed on applying on production as needed thank you please check now on test site and confirm so we can apply on production if all is good as confirmed by the bank, please apply the same on production your kind feedback please changes has been made in prod"
MND-1005318,Ticket,P3,37,kindly note that we will check this issue and get back to you regards ph_user ph_user kindly note that the new release deployed over production server on ph_technical ph_technical ph_path and please consider this ticket as closed
MND-1005354,Ticket,P1,70,"please join to the below zoom session ph_link best regards, ph_user ph_user noted many thanks please note that the issue from ph_name that send the timetable two time with stopped status, updated from our end, please verify and contact us if you need any assist ph_user thank you for your assist please note that we will consider to solve the issue, please contact us if you need any further question"
MND-1007426,Ticket,P3,98,"regards, ph_name team as per call with ph_user , kindly be informed that this ticket has been assigned to you ph_user ph_user ph_user what is the error it appear i didn't see any error in the screenshot ph_user , please connect us to check the issue urgently this issue appears on all users or one user kind reminder this issue is still, we are waiting for your feedback we are waiting for your feedback according to our policy, we will close this ticket because of a lack of updates if you face any issues please open a ticket"
MND-1005346,Ticket,P2,29,"in reference to our yesterday meeting with ph_user and your team, the issue was not related to ph_name ph_name system accordingly issue was resolved from the central ph_name system"
MND-1005097,Ticket,P3,313,"regards, ph_name team greetings ph_user ph_user ph_user ph_user kind reminder yes greetings please update on test site so we can ask the bank to test it your kind feedback please, please test on test server and confirm so we can apply on production please flush cache from the tools menu in ph_technical and refresh the scan page clicking the refresh button on ph_technical scan page on left middle side of the screen then try again, also it is not clear from the screenshot are you getting this message when trying to scan more than 5 ph_technical flush cache is to be done on test environment, also please clear the local repository and reload data from the scan page (refresh button on left side middle of the screen) before scanning lets arrange to connect together and check it on the test site please suggest a time ph_path can we connect sunday april ph_technical at ph_technical ph_technical to check the issue together sorry i am connected on another issue, can we push it till 1:30 ph_technical please i am really sorry let us move it to tomorrow as i got engaged with some production issues how about tomorrow at 10:30 am? can we connect at ph_technical to check the issue on test site please send the invite for tomorrow at 1pm are we connecting? if so please send connection as per our connection please note that the issue is solved, please give us the bank approval on this ticket so we can move and apply it on production please note the updated statements below that we need to apply on production upon approval on schema ph_technical sql: ph_sql rollback: already applied on test server and checked by bank team, please proceed to apply on production please provide your kind feedback if the issue is solved on production so we can proceed with closing the ticket"
MND-1006673,Ticket,P1,199,"regards, ph_name team please advise please note that we checked by full user and all pages appeared please check the role assigned to your user and feed us back waiting your kind feedback please note that we don't have this matrix , please refer to ph_technical team for this lets them check and compare ph_name dashboard role with the one provided to your user and check differences note: please to add their reply as a comment on ticket not to attach email please ask them to provide screenshot from both roles to check differences its not appeared could you please add them on word document and attach it on the ticket? just to make sure if the issue on role level or user level , could you please add ph_name dashboard to your user and check ph_technical its just for testing then they can remove it can we have a connection today 10.30 am to check? i didn't get your comment after add ph_name dashboard role is it work ph_technical please join ph_link we will re-connect at 2.00 pm , please confirm ph_user issue has been identified and solution provided to ph_user we will consider this ticket as closed"
MND-1005100,Ticket,P2,107,"regards, ph_name team kindly note that we will be checking this issue and will update you the soonest, ph_user please not that the qr might be wrong, check the below: scan qr ph_technical generate qr please to re-generate the qr code and then try ph_name please note that based on the last email thread regarding the same, our developer clarified that the device id contains a special character that makes the qr code invalid please check the device id and if you can use another device for that service and update us please is there are any update regarding this issue? please is there are any update?"
MND-1007240,HD Service,P3,107,"regards, ph_name team we will check your request and get back to you please note that our system is working probably over cloud with no issues but you need to make sure to provide the needed access and open the needed ports regarding if we running the system over cloud previously, yes tested over the below cloud vendor digital ocean google (ph_technical) ph_technical ( ph_user ) we are using helm chart to manage the deployment ph_user please let us know if you need any extra information regarding this ticket? my colleague ph_user will contact you for this subject via email we will consider this ticket as closed"
MND-1008595,Ticket,P3,202,"regards, ph_name team greetings we will check this and get back to you the soonest, thanks for the update best regards, ph_user ph_user its still pending with dev team internally a release has been shared from dev team, we will wait for the client confirmation to deploy the same release on uat have a feedback about it then move it to prod, this might take sometime from client's side to collect the necessary sign-off's best regards, ph_user ph_user greetings the below release was shared from dev team to fix the timezone issue, the deployment of this issue will be carried out with all of our team after the completion of the sessions , also this is an entire war release since the fix was done on ph_technical level, it should be deployed on uat first tested thoroughly then we can move it to prod, an official communication with the bank needs to be opened to communicate this item to them , let us arrange with the ph_technical when is the best time to deliver this fix to them ph_logs regards, ph_user ph_user a release was shared to address this issue, please refer to the attached doc “ph_technical” , best regards, ph_user ph_user"
MND-1004687,Ticket,P3,140,please provide us screen shot from pay customer information or ph_technical customer information since the approve button enable or disabled depend on the result for customer information returned from core banking system best regards ph_name team after we checked the attached screen shot we found the account status is closed and in order to enable or disabled the approve button ph_name look for following tag inside ph_technical response if ph_code if this flag have value ph_technical 0 this means the user will able to approve the transaction other ways the approve button will be disabled as we agreed we will consider this issue as closed since this normal behavior in ph_name system and no action required from our side because the customer information retrieved successfully and the response returned ph_technical not equal 0 so the user cant approve the ph_items
MND-1004695,Ticket,P2,34,"regards, ph_name team please provide me with the remote control ph_user after checking we found that the user has not provided the payee name which this field should be entered manually on narratives fields"
MND-1005113,Ticket,P2,246,"regards, ph_name team please provide me with an excel sheet for the results of the below query and the posting 0 logs for the status ph_technical on the same date of the ph_technical ph_sql ph_user after checking the ph_item and logs, we could not find any integration logs related to the transactions of this ph_item, the date of the ph_item is 19-12-2021 please keep monitor, and reach us once this issue appeared again after checking the request and response messages in the attached excel sheet ph_file, we found that the ph_item details have been sent the same as the details have received from the ph_name side as discussed we could not find any integration logs related to the transactions of this ph_item, the date of the ph_item is 19-12-2021 please keep monitor, and reach us once this issue appeared again, this ticket will consider resolved and closed this ticket has been forwarded to check by the ph_user as per our ph_user feedback, please note that the applied criteria are to remove the last digit from the account number before sending it to the ph_technical, and after checking the request message for another inward ph_item, we have found that the account number has been sent after deleting the last digit, that means the account number for the provided ph_item has been sent correctly if you require any further information, please do not hesitate to reach us this ticket will be closed by the end of the day"
MND-1005108,Ticket,P2,47,"regards, ph_name team can you please clarify the issue more, and provide attachments if any we will check and get back to you asap ph_user ph_user please suggest a time to connect to proceed with the fix when we can proceed with this fix with the production"
MND-1005341,Ticket,P3,36,sir please be kindly informed that ph_name has a scheduled ph_technical visit for ph_technical which is scheduled to be on march your soon confirmation for this above mention date and time is highly respected regard confirm
MND-1009853,Ticket,P2,122,"best regards, ph_name team thank you for your time over the remote session, kindly note that we have upgraded the tomcat version to the latest version as requested, as per our call, we are waiting for your confirmation that everything is working fine so we can close this ticket regards, ph_user remote session summary: searched for a compatible version for the tomcat deployed the tomcat version “9.0.69” took backup from the old version of the tomcat took the ph_technical from the old version and put it into the new version took the certificates from the old version into the new one turn on the application and everything is working fine as per our call, kindly note that this ticket will be closed"
MND-1005549,Ticket,P3,368,"regards, ph_name team kindly provide us more details on the issue, like error details, logs, screenshot thank you ph_user we are checking the issue and seems we need the ph_user involvement, which ph_user need time so, first we need to update the transactions status manually for the workaround kindly ensure that you apply the workaround in time thank you for the update, issue already escalated to the ph_user we will update our findings kindly post the steps followed for the workaround if possible as we connected today , we found the stuck batch was following the wrong workflow we did following changes to the batch to correct the workflow and restart the ph_technical service, after which the message was consumed: ph_sql we will further check the issue internally to investigate more on the root cause and update you accordingly kindly update us if there is any we are still checking from our end , we will update once we have the update please find the attached fix ( ph_technical ) purpose of the fix: after looking at the change history provided, we found that the issue occurred because the user was able to approve a batch that was already approved, which should not be allowed to handle the issue, we will disable the approve action from the workflow on steps that it should not be available setup : take backup of the file ph_technical inside ph_technical ph_path ph_technical stop the ph_technical services inside this jar file replace the attached class file in the following location: ph_technical ph_path start the ph_technical service note: please test in the test environment first, perform full cycle test of credit batches on the uat before moving it to production kindly let us know for any query thank you for the update, i have already mentioned the purpose of the fix in my previous comments, please check it one full cycle testing is fine, since the fix is related to this workflow, and it will not impact other application functionalities kindly proceed for production implementation planning kindly let us know if the fix has been applied in the production ticket will be closed for now, since no issue reported after implementation of the fix"
MND-1005687,Ticket,P1,149,"please note that we will be checking this issue and will update you soonest we can, regards, ph_user please note that there is no bug or issue in this case, as for no income ph_technical for this transaction ph_technical, the amount in it is ph_technical ph_technical and when calculate the tax for it with the charge the result is 0.004 ph_technical so in this case the tax will be rounded and will not be deducted, but in this transactions ph_technical the amount here is ph_technical ph_technical so when we calculate the tax with the charge the result is 0.01 ph_technical so the tax will be deducted the income ph_technical relay on the amount besides the charge please to check and update us kindly note that as per your last comment we will consider this ticket as closed, and you can re-open this ticket if you faced the same issue"
MND-1007255,Ticket,P1,42,"kindly note that your ticket has been assigned regards, ph_name helpdesk team greetings please provide us with the ingestion pods logs from the main site; and please share with us a teams session link in order to check more regarding this issue"
MND-1005228,Ticket,P2,39,"regards, ph_name team kindly note that we will check the issue and get back to you ph_user ph_user kindly note that the new release deployed over production server on ph_technical ph_technical ph_path and please consider this ticket as closed"
MND-1005909,Ticket,P3,86,"regards, ph_name team kindly note, after checking the agent user screen it needs the display name in agent user, as attached screenshots please, fill the user name with ph_technical ph_user ph_name ph_technical when linked this agent user waiting for your kind feedback after checking the user again ph_user kindly note, as we resolved this issue on agent user and it is linked to the agent service name successfully, we will consider this ticket as closed if you require any further information, feel free to contact us"
MND-1005913,Ticket,P1,61,"kindly note that your ticket is assigned are you able to telnet above ip and port from ph_name prod regards, ph_user also, have you tried to access below url as well? ph_link please check both ph_name, all should be accessible please advise if any further assistance required otherwise, we will consider this ticket as resolved and will proceed in closing it"
MND-1005689,Ticket,P3,98,"kindly note that after troubleshooting, we found that the integration tomcat was working twice from different users ( root and oracle ) what we did was stop both processes then took a backup from the logs, after that start the integration tomcat using oracle user when it starts it will retry to take the ph_technical file automatically and its confirmed it worked ( all ph_technical ph_items for today was imported to the system ) attached logs for reference thanks as the issue didn't appear again, ill consider this ticket as solved please don't hesitate if any support needed"
MND-1006128,Ticket,P1,24,"regards, ph_name team as per the call with ph_user , kindly be informed that this ticket has been assigned to you ph_user well noted"
MND-1004427,Ticket,P2,608,"kindly your ticket is assigned we will verify the case and update you soon as discussed, please run the below in ph_technical schema to add the missing branch: ph_sql ph_sql ph_sql as confirmed, the missing ph_user ph_user branch has been added successfully to your ph_user environment we raised the case with our ph_user to verify the ph_user communication services and find out the root cause of the failure in inserting the new ph_user branch into your environment and update you soon please run the below command to collect the total number of available ph_technical in ph_technical schema: thanks ph_user , can you run the below to specify in detail: after verifying the ph_user branches with ph_name, i can see that also there is another branch to ph_user that was not available in the ph_name ph_user environment the branch name is ' ph_user - ph_name ph_name branch' and the branch code is 23 please run the below script to add it: good job ph_user , thanks please find the attached “ ph_technical ” file to ph_user uat server, so we can test it before moving it to the production server to fix the branches case please update us if you opened the connection with ph_name so we can proceed with the new setup please update us if you are able to open and telnet the connection with ph_name, so we can proceed please update us if ports ph_technical and ph_technical has opened with ph_name, so we can proceed i communicated with ph_name today and we tried to telnet ph_name bank ph_ip_address port: ph_technical, but there was no telnet i tried to reach ph_name but he's not answered my call to confirm that you are still using the same ip, so i can verify with ph_name network team the issue yesterday i got a confirmation from ph_name that the connection has opened bidirectional for ph_user uat server over port ph_technical, where ph_name tried to telnet it but there was no connectivity please verify if this issue can be solved so we can test adding branch case i tried to reach you or ph_name to check if you fix the connection issue with ph_name test server but there was no answer from you we need to fix this connection issue so we can test the new adapter which covers adding a new ph_user branches issue today i verified ph_user branches in ph_name and i found that there are 2 new branches which not been received by you please run the below commands to add them in ph_technical schema: kindly we will close this ticket right now, and whenever the connection issue is fixed with ph_name, we can re-open it and continue the testing activity toady i verified if there are any new branches and i found that there are 3 branches please use the below script to add them to ph_technical schema: please copy the new attached “ ph_technical ” to ph_user uat server, so we can test adding new branches by tomorrow if applicable as confirmed, the new adapter jar has been fixed adding a new branches issue now, just we need to do a small cycle test by sending and receiving ph_items from ph_name please download the “ ph_technical ” file so you can test it from the ph_name simulator after the successful testing of the new adapter jar, we moved the new jar to the production server please keep the business team monitoring the system till tomorrow, if all things are ok, we can proceed with closing the ticket as the provided fix was working successfully, we will consider this ticket as resolved and we will close it"
MND-1005133,Ticket,P3,49,"we have updated the ph_technical jar files to latest version which is ph_technical and ph_technical please test the application and let us know the feedback regards, ph_user we have updated the jar files for ph_technical to latest ones consider this ticket as closed as all the updates were successful"
MND-1005127,Ticket,P1,11,please try to clear the browser cache and try to login
MND-1006683,Ticket,P2,87,"regards, ph_name team as per my contact with you via slack , kindly be informed that this ticket has been assigned to you ph_user ph_user ph_user connected thank you for your time over the remote session, kindly note that this ticket has been resolved please check and let us know if there is still anything needed from our side regards, ph_user ph_name as per our call this ticket will be closed regards, ph_user remote session summary: took backup for the ph_items changed the “ ph_technical ” manually"
MND-1006073,Ticket,P1,22,"regards, ph_name team please provide us with a remote connection ph_user ph_technical please not that the issue has been solved, check again!"
MND-1005816,Ticket,P2,408,"regards, ph_name team please note that as our emails with ph_user ph_user , there might be a bug in the system, developers will simulate the same scenario and they will update us kindly update the ticket with full information in order to simulate the case! ph_user please note that there might be an issue with the expiry job, we will confirm if its related to the issue reported from your side earlier related to expired transaction not reversed please note that we will resolve the job issue and after we will be expecting to successfully revers all the transactions from any expired customer reference: ph_link kindly note that there is similar issue opened over ticketing system, here so the issue is related to the job responsible of reversing all the transactions in the expired wallets we will also add the gitlab issue link in this ticket, and once the fix released we ill update you and deploy it over uat to test it thanks for your understanding kindly be informed that the issue is fixed but still not implemented over you sites, we will update you on when we will deploy the fix over uat kindly note that new release already deployed over uat contains fix for this issue, please check and update us kindly we need the transaction reference please note that the transactions expiry date is now set to be ph_user 1 ph_technical , please test and update us great news, we will make sure to deliver this fix to production at the next go live, we will keep you updated please arrange with ph_user in order to deliver this fix as a hot fix kindly note that the fix for this issue is now deployed over rehearsal (ph_technical), please proceed with testing now and update us when you finish please kindly your updates based on last email reply the test passed on rehearsal: the test is passed successfully over rehearsal, please manage to deploy over production ph_user , please for you approval and to provide date and time for deployment we will manage to deploy it once ph_user confirm kindly note that the fix for this bug has already been deployed over production since ph_technical ph_path , please check and advise in order to close the ticket kindly note that as per your last comment, we will consider this ticket closed, and you can re-open ph_path the ticket in case you face the same issue"
MND-1007003,Ticket,P3,8,"kindly join the below session , room #8"
MND-1009328,Ticket,P3,261,"regards, ph_name team we will apply this on your test environment, once approved we can move them to the production environment ph_user please note that we updated the password policy to meet your audit team requirement on the test environment, please let them test and revert if we can apply the same on the production environment please update us regarding this ticket since we applied the requested points on the test environment i had a session with ph_name from ph_name and we did a validation test on the audit points and everything meets the requested please let us know once you have the confirmation to move those changes to the production environment please find our response as below : maximum password age : ph_technical days ( keep the number as is, if it is lower than ph_technical ) confirmed minimum password age : 1 day confirmed password reminder : ph_technical days not available password history : ph_technical ( user cannot use the same password similar to the last ph_technical ones ) confirmed please update us regarding this ticket the requested change does not need any down time, please let us arrange for a session to do the needed update on account policy changing default account policy using the below query ph_sql yes it is please let us know once you have the cr approval please note that we updated the account policy that is being use on production environment as audit team requested we will consider this ticket as solved and you can contact us if any further assistant is needed"
MND-1005150,Ticket,P2,18,"regards, ph_name helpdesk team as per our phone call we will consider this ticket resolved and close it"
MND-1006150,Ticket,P3,30,"regards, ph_name team as per the call with ph_user , kindly be informed that this ticket has been assigned to you ph_user ph_user ph_user please suggest a time to connect"
MND-1007438,Ticket,P1,87,kindly note that we will check this issue and get back to you regards ph_user ph_user kindly note that this ticket is duplicate for the following ticket ph_link and we simulate that case and found the customer can able to press at approve button twice after pin number and we will open this case to our development to prevent this action and its solved with the new release of mobile application to prevent this behavior we can close this ticket and continue working on the previous one
MND-1007212,Ticket,P1,77,"kindly note that we will check this issue and update you soonest regards, ph_user kindly note, the issue passed to the developers and we will update you soonest kindly note that we have delivered builds over the rehearsal and production and the production build successfully uploaded please your update kindly your updates kindly your updates, if there are no updates we will close the ticket and you can re-open it in case you faced the same issue"
MND-1007260,Ticket,P1,79,"regards, ph_name team kindly note that we will check the issue, and get back to you ph_user kindly we need the tag of the production build and device type so we can simulate the case on the uat kindly any updates kindly can you provide us with the gitlab tag and the version code and name for this build please since this issue has been fixed and need this information for the developer in order to deploy the fix"
MND-1005433,Ticket,P2,263,"regards, ph_name team issue forwarded to our ph_user , we will get back to you asap issue under our development investigation we will get back to you asap we will get back to you soon can we have a connection tomorrow 11.00 am in order to apply a fix for this issue? ph_link no one from bank connected can we have a connection today 3.00 pm to apply change? bank not connected can we connect monday 11.30 am in order to check new fix ph_user please confirm time ph_technical to add ph_code ph_code ph_code ph_code ph_code ph_technical ph_user ph_technical ph_technical ph_code no one connected on suggested time please provide us with your suitable time to connect sorry i was on schedule meeting can we schedule the connection tomorrow 12.00 pm? please note that your feedback has been forwarded to our ph_user , and we will get back to you asap please provide us with ph_technical integration jar you can find it under ph_technical ph_path thank you ph_user but we need the jar start with ph_technical from the same path the issue is still under the ph_user , we will get back to you asap in order to resume the testing cycle, we can roll back the overdraft fix, please confirm please join the below session: please note that the fix has been rolled back the issue is under our ph_user , will get back to you asap please note that the overdraft multi-threading service is not doable on the production version, and will be considered on the upgrade, we'll consider this ticket resolved"
MND-1005940,Ticket,P3,287,"regards, ph_name team kindly provide us with screenshot for the ph_item to show all it's details on which application are you facing this issue ph_technical greetings ph_user ph_user please we need to connect to check the communication server logs to check the issue with the ph_item please send us a screenshot of the failed transactions in tools menu if there is an error there we need to update the ph_item information so the ph_user service can pick it up please let us connect tomorrow to update it as the following after the bank approval also to double check that the batch only holds this ph_item and no more ph_items ph_sql please approve the needed update statements above to fix the issue with the ph_item please take a backup of bank ph_technical logs from communication server so we can check the cause of the issue please let us proceed as approved by the bank, let us connect together sunday at 10:30 am to work on this together we just need to double check that the batch only holds one ph_item before proceeding with the update statements kind reminder kind reminder, let us also check this tomorrow when we connect 27-4-2022 please let us apply this on production as per approval by the bank in the comments below any updates on approvals on this please? please suggest a time to connect ph_user sent the ph_technical script to fix this issue and we are waiting ph_user to proceed with it, the bank has already taken approval according to that bank response below approved by ph_user ph_name as mentioned on the email ph_user ph_user greetings ph_user , any update did you proceed with the fix, please confirm to close this ticket"
MND-1006694,Ticket,P4,97,"regards, ph_name team we will check and get back to you asap ph_user ph_user please suggest a time to connect to check and please we need a database connection please suggest a time to connect us on sunday kind reminder as per our connection today we provided the stuck ph_items data and your team checked with ph_name, ph_user , and ph_name and we have already provided the ph_technical script and rollback please suggest a time to connect we are very close to upgrading the script and checked after deploying the new release we will close this ticket"
MND-1005715,Ticket,P3,327,"kindly your ticket is assigned we will verify the case and update you soon can you share with us “ph_technical” and “ph_technical” files from the below path: ph_path we are waiting for the files, please update please find the attached “ ph_technical ” file which contains a fix for the 2 .tag files please take a backup from the original files before replacing the new one and verify if the issue will be fixed after our verification, we found that the issue is related to the unavailable branch code for that ph_item, where the ph_item ph_technical shows a pay bank code ph_technical with a pay branch code ph_technical, where no branch code ph_technical for the bank code 8 in this case, the system will assign a different pay bank code (ph_technical) with the branch code (ph_technical) to let the ph_item be inserted in the database and the user can verify the ph_item from the exception monitor page and take the right decision please copy the attached “ ph_technical ” file to uat server, so i can deploy it this file has a fix for the exception monitor page we are waiting your confirmation to test the provided fix over the uat server, please advise the fix has deployed and tested successfully, so the user now can update the pay bank details and save them from the exception monitor page i added another ph_item so the business users can test on, where i am suggesting to do also some ph_items from ph_technical machine to simulate the case using a bank branch which is not exist such as bank code 9 with branch code 90 please update us if you are able to test the monitor page after the provided fix we are waiting for your feedback, please advise kindly we don't have any feedback from your side for the provided fix, please update us if you still need our support otherwise we will close it and consider resolved"
MND-1006608,Ticket,P1,773,"regards, ph_name team as per the call with ph_user , kindly be informed that this ticket has been assigned to you ph_user ph_user ph_user kindly note that we will check this issue and get back to you kindly note, based on this sample ph_technical you provided us with, this transaction took only 4 seconds 2022-05-19 17:56: ph_technical queued message 2022-05-19 17:56: ph_technical .013 received request with ph_technical ph_technical 2022-05-19 17:56: ph_technical returned response with ph_technical : ph_technical ph_code kindly note, we executed the indexes on the production environment and it takes 5 minutes downtime ph_sql ph_technical kindly note, we will update this ticket today as per our meeting today, can you please provide us with a new sample? kindly note, as per our call with ph_user , i can't access the server ph_ip_address through pam vpn kindly note, this ticket is still under investigation kindly note, after we checked all timeout samples, we found that no one has a timeout from our side this is every transaction and its log that shows when it was received and when it finished processed in our ph_technical please check those transactions with ph_name to know the delay reason kindly, any update on this ticket kindly note, we checked our ph_technical and we proceed with those transactions with no timeout caused please check with ph_name for this timeout issue as we have no issue from our side queued message : 2022-08-03 01:11:39.865 received request: 2022-08-03 01:11:39.865 returned response: 2022-08-03 01:11:59.146 queued message : 2022-08-03 01:10:58.578 received request 2022-08-03 01:10:58.578 returned response 2022-08-03 01:11:10.384 queued message : 2022-08-03 07:32:42.501 received request 2022-08-03 07:34:11.606 returned response 2022-08-03 07:34:11.915 queued message : 2022-08-03 07:33:35.189 received request 2022-08-03 07:34:12.213 returned response 2022-08-03 07:34:12.527 queued message : 2022-08-03 07:33:36.903 received request 2022-08-03 07:34:12.237 returned response 2022-08-03 07:34:12.678 ph_technical queued message : 2022-08-03 07:33:57.732 received request 2022-08-03 07:34:12.415 returned response 2022-08-03 07:34:12.752 ph_technical queued message 2022-08-03 01:11:04.000 received request 2022-08-03 01:11:04.000 returned response 2022-08-03 01:11:15.249 kindly note, it clearly shows that there are issues in the provided samples we need to provide us with databases ph_technical and ph_technical reports during those times: (2022-08-03 01:00 am to 01:30 am and 2022-08-03 07:30 am to 07:45 am ) kindly note, we need the report urgently as we need to know the starting point for this issue from our side, we have nothing to do to know these causes we need to have two spring applications with load balancer that exist on the ph_name server this solution maybe will reduce the timeout in ph_name transactions but before we start this setup, we need the root password for test and production servers (ph_technical) is there any update on this ticket? kindly note, first, the samples you provided me have no issues on our ph_technical but it has a timeout issue due to long processing time, the long processing time is not identified by our ph_technical logs, this makes an assumption that the issue is from a long-running query on database level also, as you know we have never received any ph_technical ph_path report from your database side, so we still cannot confirm that there is no issue on the database, in this i mean not a connection issue but long-ops queries kindly note, as i have mentioned before, our team has no access to the loadbalancer level and this activity must be done by your network side kindly note, the comment related to the load-balancer was a reply to ph_user 's comment that related to the ticket ph_link anyway, we are still waiting for your kind reply to this comment kindly note, we are waiting for your database ( ph_technical ph_path ) reports kindly note, the uploaded file is corrupted and cannot be opened please upload it to drive or anything else thank you for your feedback and providing me the database ph_technical report as it helped us to identify the issue the fix will be a new index will be provided to you soon and on our code also, we need from you to provide us with the indexes on the below tables from the production environment: ph_technical kindly note, based on our meeting last week we provided you with those indexes we applied them on db-1 and the performance increased based on this we need to execute the index on production inform us of your suitable time as this required a downtime please note that we need to run the below statement on the production database: kindly, we are waiting for your kind feedback, if you still need any assistance regarding this ticket or if you need to have a monitoring period please inform us"
MND-1005442,Ticket,P3,76,"please note that this ticket has been opened on the behalf of hbtf as we mentioned earlier, it is by design that we prevent updating the account policy to keep the account policy setup and properties consistent regards, ph_user ph_user please let us know if you have further concerns kindly let us know if you have further concerns regarding the account policy please let us know if you have any further concerns on the account policy"
MND-1004761,Ticket,P1,559,"regards, ph_name helpdesk team kindly note that we will check this issue and get back to you and as per our phone call we need more investigation from ph_name ph_technical ph_technical team ph_user ph_user kindly note that we need to prepare a meeting with ph_technical ph_technical team to check the case kindly note that and as per our meeting today with ph_name ph_technical team and ph_name team please find the below points to be checked: from ph_name : 1- check with ph_technical bank to reduce number of bank account inquiry from every 2 sec to 2 or ph_technical aday 2- ph_technical team to check if can kill any unused connection automatically from ph_technical 3- check the max number of connection and if can increase it 1- check ph_technical queue 2- double check if we can handle closing the ph_technical connection kindly note that there is no update from our side and still waiting the update from ph_name ph_technical team as per our phone call we need to provide us with ph_technical folder to recheck all needed logs ph_technical thu 2 ph_path 12:27 pm to: ph_user cc: kindly note that we suggest to increase the number of connections to max available ph_code as per emails as per our call today we are waiting the solution from ph_name ph_technical team, to kill any connation that not used more than 8h kindly any update on this issue if the ph_technical team change the connection values? ph_user y ph_logs please join ph_link as per our phone call there is no issue and these ph_user is already need to manual approve and then to send to ph_technical and as per configuration the configured waiting time between sending ph_user is 30s kindly note that as per our meeting today please we need the logs and exported report to check 5 payments that stuck on ph_technical approve and to proceed these payments on ph_technical we need to update status from database then approve it again from ph_technical please connect ph_link as per our phone call please find the below update statement to move the payments to manual handling stage : ph_sql as per investigating the last issue we found a duplicate jar and we need to remove it , but we need to change it on uat first kindly note that as per our investigation about this issue and per our phone call, and as your testing result on your uat site , we need to remove the provide jar from production same as uat environment, and these jar is duplicated and unneeded and you can remove it or rename these jar and by adding .old after .jar and its solve the exception occurred while marashalling object to ph_technical, exception we will keep this issue under monitoring please provide us with the excel sheet for the following select : is there any transaction stuck after remove the duplicate jar ph_technical kindly note that the following select statement that retrieve all payments that the old status is failed management and updated to process ph_user in ph_technical please find the below update statement for the provided ph_user and once you update the payments and as per our phone call we will close the ticket because the case not happen again since ph_technical ph_path when remove the duplicate jar kindly note that we will consider this issue as close"
MND-1005462,Ticket,P2,155,"regards, ph_name team the fix is ready and tested we will proceed with deployment on production server once we applied fix of facility file happy eid w kol 3am w ento bkhair we will proceed with this fix after applying facility and make sure there is no issue after applying fix will apply the fix after facility file fix facility file fix will deploy today 3.00 pm please let me know when we can proceed applying a fix downtime needs is ph_technical postpone till 6-6 as bank request please confirm to apply a fix today 2.30 pm , downtime needed 30 minutes it will affect all modules as the security inside ph_user application server fix has been deployed please provide us with your kind feedback in order to close this ticket thank you ph_user for your kind feedback we will close this ticket and please to open a new ticket if the case appeared again"
MND-1004770,Ticket,P2,0,
MND-1007210,Ticket,P1,203,"regards, ph_name team kindly note that we will be checking this issue and we will update you soonest ph_user kindly note, our developers will handle this issue now, and will update you soonest please note that we will figure out how to solve this issue from ph_technical since the issue is related to customer workflow, and we will update you soonest we can kindly note that we need to move the workflow for this customer in order to display buttons because the current customer workflow is on another step which means that there will not be any actions based on that to fix this issue we need access to ph_technical in order to change the customer device workflow to display the actions on ph_technical, or we can delete the record directly from ph_technical but we don't recommend that please check the customer now, actions appeared after we moved the customer workflow please we need access to ph_technical in order to solve the second customer issue done for the second customer, please check kindly note that the workaround for the issue is valid and we will consider it as a solution for any related issue, based on that we will consider this ticket closed"
MND-1004778,Ticket,P2,234,"kindly be informed that your ticket has been assigned regards, ph_name team as agreed in our meeting we will check the case and get back to you gitlab issue is opened, waiting for the fix from our dev team we are planning to release a new ph_technical central version that will be sent to ph_name next week, this release is related to deposit auto rejection feature that has been added to ph_technical central and requires a modifications on ph_technical also, ph_technical as we planned with ph_name team that this release is urgent and considered as top priority, after delivering this release then we will start working on the opened issues based on their priorities this release also will include an enhancements on the clearing cycle calculation, the flag ph_technical will be removed from ph_items table and the cycle will be calculated based on the number of presented clearing record on table 'ph_technical' the release notes will include a full details about this enhancement please note that the new ph_technical release ph_version, contains this enhancements as detailed in release notes document ph_user kind reminder to test the scenario on the new release kindly provide us with your feedback we have planned ph_user on ph_technical ph_path to deploy this fix and others on prd, will update the ticket accordingly kindly confirm to close the ticket if everything is fine and working as expected for this case"
MND-1007444,Ticket,P2,193,"regards, ph_name team kindly note i have tested the below case ph_code the request went success and worked as expected, it changed the mobile number from ph_technical to ph_technical kindly to check ph_technical ph_technical we are waiting for your kind feedback after checking with the request ph_user ph_user kindly note per our call, the issue is occurring after you update the customer mobile number to a rejected mobile number, and then cancel the change, it will change the active and registered flags to no kindly note this issue is handed to our ph_user , and will provide fix asap kindly note our ph_user is still working on this issue kindly note a new ph_technical release is deployed on ph_name uat, containing the fix for the above issue kindly note a new ph_technical release is deployed on ph_name uat ph_path , containing the fix for the above issue ( tested ) kindly to check and confirm if this resolved kindly asked to confirm if this issue is resolved thank you for your response, as this ticket result, we will consider it as closed if you require any further information, feel free to contact us"
MND-1005472,HD Service,P3,30,this email is only configured on ph_user ph_name and the user already inactive so please mention users which will have this new email all users under this ph_user updated successfully
MND-1007739,Ticket,P3,555,"regards, ph_name team we are checking with ph_name and we will get back to you we have checked the ph_item, and found that there is an issue integrating with ph_technical central we are currently applying a work around solution we will keep you updated the issue is the ph_item doesn't pass the ph_technical gateway for some bug, we will connect with ph_name and try to fix that we are currently investigating this with the team, then we will confirm this once we done soon however you can try again and proceed with testing, since the issue is not related to business scenarios anyway kindly note that we are fixing this issue with the team but until then, please represent the check once again and get back to me with the results is the status on ph_technical are the same? because i cant see the attached image mentioned ph_user let me check with the team kindly execute this statement on database server and send me the result: ph_sql kindly reminder kindly note that we are checking some data with ph_name that they are following the internal procedure for the data request once they get the approved data request, we well get back to you with the feedback i'm still waiting the data request from ph_name let me see what i can do to complete this thank you for your patience sure, i'll do my best please try to re-deposit a new ph_item as a new release deployed for an ph_technical component the fix has been applied please retry now working on it… kindly represent a new ph_item once again appreciate your patience ph_user and ph_user , any updates please? but what type of connectivity issues you facing? i mean with what? that's because the bank late to take an action on the ph_item, so its timed out kindly redeposit the ph_item and try again please provide me with the result of this query we suspect a missing ph_technical in ph_technical table we are checking currently, i will update you soon i'll update you the soonest today as the development were investigating this can we connect right now please ph_technical confirm as requested, please upload ph_technical logs directory, not the tomcat access logs also we need today's files and the ones of the date when the case appeared the first time it's alright, but we don't require the whole logs, just the two dates that we mentioned as per our last meeting, we agreed to reconnect after getting the infrastructure team on call to fix the issue that we face when we tried to extract the needed logs kindly following up me and the ph_user are trying to find the best way to fix the problem internally as it is hard to stay connected with the bank while looking for a solution please provide us with the requested on the email thread below: ph_email_thread you are welcomed problem: the issue is we have scanned the ph_technical ph_technical(outward clearing) and it got deposited, but we are not able to see the deposit entry in ph_technical queue investigation and simulation: connecting with the customer and see the case then deploying the war file locally and simulate the case development agile related issue : solution: wrong customer information entered by them 1- did we resolve the problem and its symptoms?"
MND-1005215,Ticket,P3,517,"regards, ph_name team confirmed ph_technical ph_user please note that we will doable check and will get back to you asap please note that as per our call with ph_user we will discuss the issue raised tomorrow morning best regards, please note that as per your request to postpone the call to be tomorrow morning to discuss the requested issue please note that we are using java 1.11 and as per our discussion need to doable check with the os team please any update please confirm the suitable time to connect and to install ph_technical version 1.11.0_311 on the three servers, please note that after installation we have to restart the services for sure no issues please confirm when we can do please note that as per our conducted session we have deployed the latest release for java ph_ip_address on test env ph_ip_address and ph_ip_address please to verify and to confirm when we can reflected to production please note that we will reflect the requested after deploy the release on test environment by this wednesday at 11:00 please note that there is not a ph_technical just make sure to make a full cycle for outward and inward please make sure to upload to attached screenshot again please confirm when we can connect to check, also to provide us with reference please note that regarding the duplicated issue we are working on it and will provide you with the fix asap please note that we have deployed the fix for ph_technical duplicated on test, please verify please note that we have deployed today the fix for ph_technical onus duplicated on test and waiting the bank feedback in order to be reflected with the requested upgrade java on production ph_link please any update for the requested fix if tested successfully or not please note that the issue related to ph_technical was down, please verify and contact us if you need any further question good, thanks for your update re: ph_technical production environment certificates renewal and upgrade java ph_ip_address ph_user ph_user to: cc: ph_technical banking specialists team ph_code thu 5 ph_path 10:00 am greetings ph_technical div confirmed, will be available support engineer ph_user ph_user .com ph_name corporation ph_name street golden quarter – ph_name p.o.box: ph_technical amman ph_technical, ph_country ph_url ph_code please note that as per our conducted session today at 1:00 am we have upgraded the java version from 11.0.10 to 11.0.13 on both production servers ph_technical and ph_user , and as per your confirmation that tried transaction and processed successfully, also we have checked our logs and everything is working fine please note that will keep the ticket under monitoring till end of sunday ph_technical ph_path please note that as per our conducted session yesterday at 11:30pm we have reflected the duplicated issue on production and tried successfully from your end, will keep the ticket under monitoring till end of work today please note that we have reflected the below version on production ph_technical yesterday at 11:30pm will keep the ticket under monitoring till end of work today please note that we are waiting your confirmation if everything is fine"
MND-1005959,Ticket,P2,198,"regards, ph_name team greetings we will check the issue with our team and we will get back to you regards, ph_user ph_user greetings please send us the requested description for each scenario in-order to replace it with the below message: ph_technical ph_technical deposit is not allowed ph_technical regards, ph_user ph_user greetings kindly note that the ph_technical respond with this message to all clients that allowed to deposit ph_technical so modifying such message will impact all of them, including that will publish a new banks ph_technical document to modify this message by adding a new messages with specific reasons for all possible cases we will check this internally with our team and we will get back to you as soon as possible waiting for the ph_user to provide us the fix request still waiting waiting still waiting the ph_user waiting ph_user dears this ticket postponed to jul ph_technical, 2022 this ticket postponed to dears this ticket postponed to aug ph_technical, ph_technical problem: ph_technical deposit is not allowed message investigation and simulation: check the issue with the ph_user development agile related issue : solution: deploy the fixes on ph_technical release (ph_version) 1- did we resolve the problem and its symptoms?"
MND-1007323,Ticket,P2,123,"regards, ph_name team greetings please connect at ph_link so that we can assist you best regards ph_user greetings as per our recent conversation over webex, please kindly check if the new user is assigned to the appropriate ph_user and let us know once you confirm it please kindly let us know if the issue still remains or not if the issue remains, please provide us a remote support session to business side so that we can check the issue directly from the application looking forward to hearing from you we received a confirmation from you via whatsapp that the problem has been resolved hence, we are closing this ticket from our side if you face any issue, please feel free to write us"
MND-1005957,Ticket,P1,136,"regards, ph_name team kindly note that we will be checking this issue and will update you the soonest we can ph_user please check all commission configuration for the profile related to the service and compare ph_path with the transaction, after if any bug or issue found please update us, since all commission issues related to misconfigurations in slices we will check and update you please check all commission configurations for the profile related to the service and compare ph_path with the transaction, if any bug or issue is found please update us since all commission issues are related to misconfigurations in slices, or if you can reproduce the same scenario over uat ph_path update us please your updates kindly note that we will close this ticket since we did not have a response from your side"
MND-1005960,Ticket,P2,523,"regards, ph_name team greetings appreciate to share logs with us on the ticket, please provide us with the error message that you are looking for the mentioned scenario regards, ph_user ph_user greetings thank you for the logs, please suggest us a new message to replace the existing one noted, we will check with the team and get back to you we opened a gitlab issue, the ticket is under ph_user thank you ph_user ph_user greetings we opened a gitlab issue, the ticket is under ph_user thank you ph_user ph_user greetings still no updates thanks greetings the ticket still under ph_user still under ph_user this is not a valid flow, the ph_technical who signed up will never be allowed to sign up again the default flow for such a case is to use the login, and after the login, the user will be redirected to add a profile, ph_technical the ph_technical should enter the new profile details and activate the new profile after doing such, the ph_technical central will allow him to log in and use the app once a ph_technical gets ph_technical (signed up), he will never be able to use the sign-up again, but he can log in to his profile using his alias and the password once he logged in, if he has no authorized accounts, the ph_technical central will reply with ""ph_technical"", ""no active authorized profile"" if he is added to be an authorized in one account, then the ph_technical will allow him to activate this profile directly after successful login ph_user so, you are saying that you trying to signup a new ph_technical with no accounts added you get an error, and that's the case unless you add accounts to it, right? we are currently checking it with development “ initially we discussed this with ph_name to know what exactly needs to be sent to the user for such case, and as we agreed on the meeting that we shouldn't expose such message to the users since no one can guarantee if this is the same user or not, and as preferred from your security team and us, we agreed to send a general error to prevent any security breach ” this is what i received from ph_user since he was managing this the initial response wasn't clear to us on this way, since as we understand that you removed the accounts from an active user, this is why we replied with the first reply appreciate to reach your security team and send us an updates to know the next step either from your side or our side lets have a meeting next week to discuss this point, and invite your security team to it we have one concern only, about the message since the system (ph_technical central) is not aware if the entered data relates to the same ph_technical on not anyway, you have the option to update the message from the database directly ph_user and ph_user , dears, recording to our policy and due to late response, we will consider this ticket as closed please do not hesitate to open a new one if have any concerns"
MND-1008607,Ticket,P2,155,"regards, ph_name team please note that we will be checking this issue and we will update you soonest ph_user please check below response from biller side: received response from biller side is : ph_code please check and advise ph_technical, check and advise please describe what is needed clearly please use the monitoring tool to extract the request message (outgoing from ph_name) and the response message (incoming to ph_technical) for: ph_technical please any updates? please is there are any updates? please note that we have deployed the fix that ph_user mentioned below over uat, please proceed with testing and update us please note that as per ph_user feedback we have passed all the notes to the developers and we will wait until they fix the issue and deploy it to uat please your updates please check customer feedback kindly your updates ph_name kindly note that based on your last comment we will consider this ticket closed"
MND-1006253,Ticket,P3,72,"regards, ph_name team greetings kindly note i am working on the issue, and will update you soon ph_user ph_user greetings kindly note that ph_technical is working fine now, and you can use it as regular, here is a ph_technical request that you can use for testing ph_code kindly note, as the issue is fixed we will consider this ticket as closed if you require any further information, feel free to contact us"
MND-1005729,Ticket,P2,173,"this ticket has been created on behalf of you for the issue “http status ph_technical ” in ph_user currently, we are working on the issue will update you soon kind regards, ph_user ph_user kindly update us the current status of the issue whether its resolved or still facing the same issue? waiting for your response we have analyzed the application logs and further wanted to confirm from your side, if this issue is only with the bank ph_name or others banks are also facing the same issue? if ph_name is only the bank facing this issue, then please ask them if they had made any changes on their side (like network change, system upgrade, etc any update regarding previous comment? kindly note that we are waiting for the update from your side regarding “http status ph_technical ” in ph_user since, there is no response from your side, it seems that the issue has been resolved hence, i am closing this ticket for now further, if you face any other issue kindly contact us"
MND-1008619,Ticket,P3,163,"could you please provide us ph_technical and ph_technical wars so we can compare them to find if there is any different configuration that causes the issue regards i think we should compare it with ph_technical since it ph_user should us ph_technical is working please note that the path for both wars is ph_technical dears, please provide us with the year that works fine to copy all parameters and configurations for the year 2022 best regards, ph_user ph_user please provide us with the year that works fine on the archive to copy all parameters and configurations for 2022 we need your ph_technical team's support to export the tables file on the schemas ph_technical and ph_technical to compare the dumps locally is there any update about exporting the dumps(2022and2021)? kindly note that the tables file already uploaded here on the ticket is there any update? if there is no update from your side, we will consider this ticket closed by the end of the week"
MND-1004798,Ticket,P1,24,"regards, ph_name team as per the call with ph_user , kindly be informed that this ticket has been assigned to you ph_user ph_user ph_user"
MND-1005495,Ticket,P1,183,"kindly be informed that your ticket has been assigned regards, ph_name team please provide us the detail to add new bank and we will provide you the required scripts if there is any issue to add new bank from ui here is the script which you can use to add new banks ph_technical please update the below information on above scripts matching exactly with new banks provided by central bank and run above if you have any doubts, you ph_user reach with us please update whether new bank was added to ph_technical application or not we couldn't find any issues related to bank addition in the provided logs ph_user ph_user please update whether the new bank was added to ph_technical application or not, so we can proceed towards closing this tikcet please update whether the new bank was added to ph_technical application or not, so we can proceed towards closing this ticket since there was no response from multiple follow up, we will consider the issue has been addressed so we will close this ticket please raise a ticket for any new issue"
MND-1004362,Ticket,P3,424,"regards, ph_name team please advise, is this issue occurred for all users or just this user? please note that this issue has been reported to our ph_user , and the team will plan to provide the needed fix as per its propriety this issue has been reported to our ph_user , and the team will plan to provide the needed fix as per its propriety we will update the ticket once get the new release from ph_user we are planning to release a new ph_technical central version that will be sent to ph_name next week, this release is related to deposit auto rejection feature that has been added to ph_technical central and requires a modifications on ph_technical also, ph_technical as we planned with ph_name team that this release is urgent and considered as top priority, after delivering this release then we will start working on the opened issues based on their priorities this release also will include a few major fixes and we will mention them in the release notes, ph_technical we will update the related tickets once it's published we are checking this with ph_user , once get the needed from them, then will update the ticket accordingly we are following up with ph_user , will update it once get a feedback we are following up with ph_user , noting that this ticket is not priority kind reminder ph_user ph_user ph_technical still under development 1- executive summary ph_name has worked with ph_name team from ph_technical5- ph_user ph_technical 9:37am,ph_technical until ph_technical26-fep-23 5:00pm ph_technical for the reported issue 2- problem description an incident was reported to our support engineer ph_user ph_name which in the ph_item ph_user when the user search for a ph_item, the result comes in the second page not the first page 3-problem identification on date 10- feb-22- 10:48am: ph_user ph_user ph_technicalwe are planning to release a new ph_technical central version that will be sent to ph_name next week, this release is related to deposit auto rejection feature that has been added to ph_technical central and requires a modifications on ph_technical also, ph_technical as we planned with ph_name team that this release is urgent and considered as top priority, after delivering this release then we will start working on the opened issues based on their priorities from ph_name reported that the size of the logs for the production servers is ph_technicalg."" on date 26- feb-23- 5:00pm: ticket closed 4- corrective action ph_name team the below action to resolve the issue: new release from ph_user 5- conclusion and recommendation we recommend to have: n/a"
MND-1006259,Ticket,P3,385,"please check this issue with ph_technical and middleware team ph_user is getting an error in the response as you can see in the attached screenshot what about creating a database job to alert when the number of failed integration transactions reaches a threshold? as we discussed, if you want to use your monitoring system to alert when there are failed transactions, you ph_user depend on the output of this statement ph_sql ph_technical ones with ph_technical ph_technical are the failed ones let me know if this satisfies your need do you still have any questions about this ticket? it can be done on ph_user side, but i need to check if this will have a cost you stated before that ph_name has a monitoring and ph_technical system; can't it be used to monitor the services you need in ph_user ph_technical greetings i am examining an ph_technical solution right now i will update you once i conclude its applicability the monitoring solution that we are proposing is as follow: monitoring backendservice: database job is deployed on ph_technical and ph_technical and runs every 10 mins if the count of failed outward ph_items exceeds x , it sends an email monitoring integration: database job is deployed on ph_technical and ph_user and onus and runs every ph_technical mins if the count of failed integration transactions exceeds x , it sends an email the jobs will be configured to send emails to one correspondence only the efforts of this implementation are chargeable and will cost five man-days please let me know your thoughts can you please send me your thoughts about the proposed solution and if you need to add anything to it? we will discuss later the man-days can you please post your thoughts? can you please get back to me on the concept shared? i am also on zoom ph_technical if you would like to discuss it further please let me know what do you about using the database jobs to alert when there is a delay or failure in the ph_technical and integration i am still waiting your feedback on the suggested approach can you please update this ticket? i will be closing this ticket by the end of tomorrow if no response is received by then due to lack of response, please consider this ticket as closed"
MND-1007026,Ticket,P1,105,"regards, ph_name team can you please connect us to the prod ph_technical to check the issue? waiting your kind feedback and connection once ready as per our connection the ph_technical job was not running as seems like it failed after restarting the ph_technical services but now it is running and the next run for it as checked will be at 9:20 - 9:30 am let us monitor it until then, if it ran again at 9:30 then things should be ok and we can close the ticket we will consider this issue resolved and close it as confirmed by ph_user after the fix applied thursday"
MND-1004808,Ticket,P2,697,"kindly note on the ph_technical of january we add the below ph_technical on the below bath ph_technical { ph_technical ph_technical ph_path .jsp ) the applied fix well prevents the user from adding any special character on the extra info field we test the “ ph_technical ” also and they confirmed they cant add and ph_technical or ph_technical ph_technical and we test on the site also we need the check the case again on the site, please please find the old ticket we log all our work in ph_link regards, ph_user as per our connection approves and rejects buttons are enabled after we remove “ ph_technical ” from the ph_technical on the database we couldn't add any special character on your machine after we try to simulate the issue we need to connect the on-teller machine and try to add “ ph_technical again and see what the teller working process that causes the issue any update, please we need to connect and check the teller's working process on how she enters the special character we tried to add any ph_technical using your user we couldn't, for now, we will handle the stuck ph_technical from the ph_technical please provide us with a remote connection kindly note we remove the special character from the second reported stuck ph_items we are checking the issue with our ph_user and we will inform you back with our findings any update after deleting the local repository and testing the same case on the user machine as per our phone call, you confirmed that after cleaning up the local repository and reinstalling the ph_technical still the same issue our ph_user will provide us with the needed as soon as it is done as per our connection, we checked the site issue related to the scanning page and we will check the issue with ph_user ph_name and ph_user the issue is related to the scan page you can add special charters only on the scan page but on the ph_technical quality on the app level the provided fix already prevents the user we can add extra validation on uploading the batch by checking the narrative fields if they contain some of these characters to prevent the upload unless the user removes these characters we are waiting for your kind confirmation in order to continue with the above solution we are waiting for your kind confirmation in order to continue with the below solution any update regarding the below solution thank you for confirmation, we will provide you with the needed fix as soon as it is done kindly note the issue is still under our ph_user , we will provide you with the needed as soon as it is done please find the attached fix ph_user .tag kindly note we applied the fix on the test environment, please make sure to test the same scenario and provide us with your kind feedback to reflect the changes in the live environment your kind feedback, please as per our testing, you confirmed that the extra validation as attached screenshot appears when the narrative fields contain some of these characters to prevent the upload unless the user removes these characters we will reflect the changes on the live environment today after the session closure you confirmed that you still waiting for the ph_user team's approval if we can reflect the changes on the current environment we are waiting for your kind confirmation to reflect with the attached fix as you informed us after the bank team tested the special character validation they faced this issue when the user adds any special character working properly but when the user removes the character that has already been added to the batch the validation still appears for now we will check the needed with our ph_user provide you with the needed as soon as it is done as per our phone call, we will connect to simulate the case on the teller machine any update as we still need to connect to the teller machine to test the case as per our phone call, you confirmed that we would postpone our activity during the current oracle ph_technical upgrade for the next month"
MND-1004368,Ticket,P2,296,"regards, ph_name team please join ph_link thank you for connection yesterday we will check and get back to you asap issue forwarded to our ph_user , we will get back to you asap met ph_user and explain all details of issue waiting ph_user feedback ph_user will provide us with the new jar to add extra log and we will compare it with the one exist on the bank side we will get back to you soon could you please provide me with ph_technical from path ph_technical ph_path i will do compare between jar provided by customer and the one from development we tried to simulate the case internally but the issue not appeared could you please let us know once the issue appeared in order to connect with ph_user and investigate it on the site thank you ph_user for your kind update waiting bank team to inform us once issue appeared in order to connect with them as a new ticket opened for this case for ph_item ph_technical , please to upload all logs exist on the machine on desktop with name 05042022 can you please provide us with the logs on desktop with name 05042022 thank you ph_user please compress the whole folder and attach it waiting your kind feedback waiting your kind feedback noting that if there is no feedback by end of tomorrow we will close this ticket will check logs and get back to you issue under our ph_user investigation we need to trace this issue once it appear again as the ph_user will join with us once the issue occurred postpone till 9 ph_path please note that we will close this ticket and please don't hesitate to open a new ticket once the issue appeared in order to connect and check"
MND-1005845,Ticket,P4,0,
MND-1004366,Ticket,P3,8,this issue is duplicate from this issue: ph_link
MND-1004364,Ticket,P3,0,
MND-1005501,Ticket,P3,281,"this ticket has been opened on the behalf of hbtf we will implement a new fix on sit first and verify regards, ph_user ph_user in today's session, we deployed a new release but there was an issue while retrieving data from some of the tables into the ui we investigated and concluded that this was due to a conflict in a class file between the backend and ui as a workaround for now, we have deleted the class file from ph_technical we will implement a new release tomorrow as a final fix oncall support duration: 2 hours 03 minutes (from 18:41pm to 20:44pm ph_user time) 2022 ph_path in today's session, we deployed a new release which fixed the issue related data retrieval from the database also, the onus flag column was added into the excel report generated from fe detailed report however, for some payments related to psps, the fe detailed report is not being generated and as per our discussion, we will proceed on this once there is feedback from the business team's verification oncall support duration: 2 hours 07 minutes (from 18:16pm to 20:23pm ph_user time) 2022 ph_path kindly update us regarding the fe detailed report generation for psps if your business team has verified it this is issue is undergoing verification in the bank will proceed with production deployment or new release deployment once the verification is complete please update us if you have verified the case after new release deployment since a fix was deployed to add the onus flag in the fe report, we consider this issue resolved kindly let us know if you have further queries, otherwise we would like to proceed towards ticket closure"
MND-1004836,Ticket,P3,0,
MND-1010254,Ticket,P1,22,"best regards, ph_name team kindly note that the customer is default account now regards ph_user ph_user please consider this ticket as closed"
MND-1009230,Ticket,P3,42,"please join the below zoom session ph_link thanks, ph_user please to arrange for a connection time, since we were waiting you for ph_technical with no response please note that the users have been reset and below are the password: ph_technical ph_user ph_technical"
MND-1004854,Ticket,P3,28,"kindly note that your ticket has been assigned and will contact you shortly regards, ph_name team please make sure to commit the changes after running the update statement"
MND-1006288,Ticket,P2,218,"we will check it and get back to you asap regards, ph_user dears, still waiting the new release we will publish a new release by end of this month includes this change waiting the ph_user to publish a new release this ticket postponed to jul 31, 2022 this ticket postponed to aug 15, 2022 still waiting dears, we deployed the ph_user ph_user and we still waiting the ph_user to provide us with other components regards, ph_user ph_technical due date: ph_user 31, 2023 dears, we are waiting the ph_user to publish a new releases regards, ph_user due date: ph_user ph_technical, ph_technical 1- executive summary ph_technical components ( ph_user ph_user , support desk and ph_technical dashboard) testing ph_name has worked with ""ph_name"" team from "" apr 25, 2022 "" until ""feb 26, 2023"" for the reported issue 2- problem description kindly note that we are encountering the attached issues with the support desk and the dashboard please provide your feedback 3-problem identification on date ph_technical ph_technical, ph_technical ph_technical the issue to the ph_user 4- corrective action ph_name team the below action to resolve the issue 10 ph_path : ph_user - ph_user -war-v1.4.0 1 ph_path : we deployed the support desk ph_version 2 ph_path : we deployed the ph_technical dashboard ph_version 5- conclusion and recommendation n/a we recommend to have: n/a"
MND-1010765,Ticket,P3,77,"please note that the user needs to reject the ph_item to be moved to repair stage, then remove the special character exists in depositor id under extra info tab waiting your feedback if more assistance required from our side regards, ph_name team for this error, please refer to ph_name helpdesk (call the number exists in the screenshot) in order to reject the ph_item waiting your feedback please note that we are waiting your feedback regarding this issue"
MND-1005510,Ticket,P1,146,"regards, ph_name team please join below zoom session ph_link ph_user i will open a case with our ph_user to check why the ph_name transaction is set as invalid on gatepay will update you the soonest possible no update on development case we have a new build ready with the fix included i have already asked you for a call tomorrow in regards to ph_technical,ph_technical ticket during the call we can discuss when it will be the best to deploy the new build as we agreed we have postponed deployed this fix until we fix issue reported on : ph_link the new build will have fixes for both issues thanks fix is ready, communicating with bank to agree on deployment date on production as the build has been deployed on your end i will proceed to resolve and close this case as no further help is needed"
MND-1006256,Ticket,P1,90,"you were having internal network issue on last thursday and you were not able to connect to all system now for those files all of them delivered to your sftp folder and pulled from your side so you have to check internally where they have gone , and if you want us to resend it again you have to get approval from ph_name team about the same all ph_technical batches have been resent again as all batches sent again will consider this issue as resolved and it will be closed"
MND-1004857,Ticket,P3,0,
MND-1005534,Ticket,P3,78,ph_technical team this is related to ph_link and the issue was fixed on test and waiting your reply to deploy it on production with no response so please let us know when we can deploy it issue will be closed by tomorrow if no response received from your end as discussed this error is not related to database it is application error and fix already deployed on test server and waiting your feedback to deploy it on production
MND-1004868,Ticket,P3,154,"regards, ph_name team please provide these scripts to the database team for execution and give us your feedback , after that, the full user need to have the new role and privileges so it can access archive ph_technical also, after the completion, please notify us so we can install archive ph_technical app services as well on the server regards could you please provide us with any update on this ticket? kindly note the changes on app level is done (add new archive web and receiver and adding line on sender that can access new receiver )however it seems there are some missing tables that cause invalid objects which are ( ph_technical,ph_technical ,ph_technical) only these table needed to be reimported to the schema after that we need to check the invalid objects again kindly note that that after our previous communication the ph_items for ph_technical has been archived so we will consider this ticket closed"
MND-1005522,Ticket,P1,10,kindly note that the ph_technical is restarted now please check
MND-1005547,Ticket,P2,51,as discussed please share bank out logs to check it i have checked the logs and everything is normal it took around 1 sec to collect the ph_item and send it to ph_name so please monitor the ph_items until end of today and let us know id the issue appear again
MND-1004899,Ticket,P2,19,"regards, ph_name team kindly note that all provided customers statuses updated, please consider this ticket as closed ph_user ph_user"
MND-1004446,Ticket,P3,109,"regards, ph_name team we will check and get back to you, ph_user ph_user please suggest a time to connect to check the issue i waited for ph_technical minutes at the meeting and you didn't join the issue still is under the ph_user ph_user , please provide us what the name of the business role that will be deleted to be able to disable the business role you need to remove all the associated business roles views on the item you can either delete them one-by-one from the ui or using the below delete statement: ph_sql after deleting them you'll be able to disable the business roles with no issues"
MND-1004444,Ticket,P3,0,
MND-1005561,Ticket,P2,75,"regards, ph_name team greetings as per following email the ph_technical service is active now please check and confirm each case state is as below, ph_technical solved by ph_user , ph_technical not yet please change the account status to deleted (ph_technical,ph_technical), ph_technical not yet kindly reactivate the ph_item (shaerex), ph_technical not yet we need an updated sheet with the non-migrated customers (customers without ph_technical), any update please regards ph_user ph_user please consider this ticket as closed"
MND-1006715,Ticket,P1,172,"regards, ph_name team please join the below session: ph_link ph_user please download the attached file that has the name “ ph_technical ” in order to deploy them in the test environment by tomorrow please note that the fix has been deployed on the test environment for ph_user and ph_technical modules, please start with your testing cycle and confirm back in order to reflect it in the production please re-scan some of ph_items on the ph_technical module please provide us with your feedback please note that you have to install ph_user , and ph_technical image capture files on all ph_technical, and it's not doable to be installed using 1 setup file please install the new ph_technical files on all ph_technical, and inform us once done in order to deploy it on the production as discussed, the fix will be postponed till the new upgrade, as we require to install the new fix on all devices, and on the upgrade will be new files to be installed will consider this ticket resolved and closed"
MND-1006237,Ticket,P3,21,"regards, ph_name team please check the same ph_item on both ph_technical and ph_user ph_user could you please provide more details ph_technical"
MND-1008625,Ticket,P2,37,"regards, ph_name team greetings kindly note that the issue is that the core bank system sends the name with double caution so please ask your core bank system provider to avoid sending the name with (double caution)"
MND-1004926,Ticket,P1,88,"regards, ph_name team kindly note that we will check this issue and get back to you ph_user y can you please provide us with customer details ph_user ph_user kindly note that after investigate some of cases we found that there is more than approved customers under the same national id and registered on ph_name for example ph_technical kindly note that the customer is terminated and deleted ph_technical kindly note that the new release deployed over production server on ph_technical ph_technical ph_path and please consider this ticket as closed"
MND-1006717,Ticket,P2,36,as discussed you have to communicate with ph_name team about the session as the error is no session available session open by ph_name so we will consider this issue as resolved and it will be closed
MND-1004471,Ticket,P3,67,"regards, ph_name team ph_user , please connect us to check this issue urgently ph_user ph_user please connect us to check this issue kind reminder please provide the result query below : ph_sql we are waiting for your kind feedback about the comment below according to our policy, we will close this ticket because of a lack of updates if you face any issues please open a ticket"
MND-1004476,Ticket,P2,32,"regards, ph_name team this is a duplicate ticket and will be closed as it is the same issue communicated to us earlier today please check our response on the other ticket ph_link"
MND-1006725,Ticket,P1,87,"regards, ph_name team as per the attached screenshot, please note that the error message is related to the cbs after clicking on the export button, what is the message or error that appears? ph_user greetings ph_user , please join the below session: ph_link as agreed with ph_user , this issue will be checked internally as the error code is related to the ph_technical, and we are waiting for your feedback please note that the batch and the ph_items related to it have transferred to the ph_technical page"
MND-1006026,Ticket,P2,147,"regards, ph_name team kindly note that we will check this issue and get back to you ph_user kindly note our ph_user is working to solve the issue, once we have a fix we will update you this ticket is still under dev team kindly note that we have a fix ready to be deployed on your test server to solve the issue kindly note, (16-06-2022) we deployed the new release over the test environment successfully now we are waiting for you to test it, so we can apply it over the production environment kindly note, this issue is resolved in production, please check this issue in order to close this ticket waiting your feedback kindly, any update on this ticket kindly note this issue is considered as resolved and will be closed, if you require any further assistance in the future regarding this issue please inform us"
MND-1006839,Ticket,P2,25,"regards, ph_name team please provide me with a webex session link ph_user as discussed with ph_user , please note that the system is working now"
MND-1006841,Ticket,P3,84,"regards, ph_name team greetings we are looking into it best regards, ph_user greetings this is a gentle reminder to check if you were able to verify the scan data and core data are same or not please let us know if you still need any assistance with the issue from our end please kindly update us on current status of the issue mentioned in this ticket is it resolved or do you need more assistance from our side? looking forward to hear from you"
MND-1006029,Ticket,P2,63,"regards, ph_name team thank you for your time over the remote session, kindly note that everything is working fine as per your request, this ticket will be closed regards, ph_user remote session summary: i checked the logs and there was an error on the symmetric “ connection refused ” after i checked again the symmetric was running perfectly and everything is working fine"
MND-1006726,Ticket,P2,13,ph_name please note that the current ph_name release is not compatible with edge
MND-1007329,Ticket,P3,8,"regards, ph_name team the issue has been resolved"
MND-1005770,Ticket,P1,0,
MND-1005778,Ticket,P3,297,"regards, ph_name team we will check this further internally and revert back to you ph_user please note that will work on this requested during ph_technical integration project, to be checked on test environment before reflect on production site best regards, will keep this request under the below project scope ph_link please any update on test server please note that the scope for this ticket: enable only tls 1.2 version upgrade database version to new ph_technical ph_technical enterprise edition please join please note that we are waiting the bank to prepare the database in order to proceed with ph_technical then do the requested please note that we are on the last stage of deployment on test side in order to do the requested please note that today as per our conducted session we have initiated the ph_technical and waiting the bank to provide us with the ph_technical file with full chain to be imported on ph_technical and configure it under tomcat please confirm if there is any update for the requested certificate in order to proceed with the main ph_technical test please note that as per our conducted session today we have done the requested on test that added the below under ph_technical file ph_technical also checked that the chrome is supported the tls 1.1 and tls1.2 please not that will keep the ticket open till reflected on production server as requested please note that we are working on it we will update you asap please note that the two issues that raised on test still under development will get back to you once done please note that will not reflect this request on production that the core does not support tls , as confirmed to close the ticket please inform us if you need any further question"
MND-1004503,Ticket,P3,243,"this ticket has been created on behalf you to trace the issue for central messages query page not loading regards, ph_user ph_user as confirm by you in hangout chat, after clearing the cache and restarting the application now, the application ph_user is normal let's monitor the application for few days while checking we notice there is a bulk messages processing on the ph_technical due to which it affected the central message query page to load as it queries the same table as requested, we will check to priorities read ph_path speeds for specific pages we are still working on it as agreed on hangout, meeting is re-schedule for next week let us know your suitable time so we can send meeting invitation please ignore the previous comment done on this ticket further, let us know your suitable time to discuss on the proposal plan for this issue as discussed on the meeting, we will investigate the central query message page of archive server as well and we will update you once found the cause we are still working on this issue as there is no performance issue on production central query page, we will close this ticket for now for archive, we are integrating monitoring tool with application to trace the slowness of the page once completed we can deploy the monitoring tool in production we will create new ticket to work on archive server please let us know if you any queries"
MND-1007567,Ticket,P1,384,"regards, ph_name team please join the below session: ph_link ph_user please note that the negative acknowledgment has been handled from our side, and the v files case will be checked by our ph_user and get back to you asap please provide us all logs of yesterday that start with the name ph_name and the details of the ph_items from ph_technical table please note that the case has been forwarded to our ph_user , and will get back to you asap please note that the issue is still under our ph_user 's investigation, we will get back to you asap please join the below session at 9:30 am: as agreed, please note that we have postponed our session to be at 12:30 pm please note that we have forwarded the notes and files to our ph_user , and we will get back to you asap please find the attached file “ ph_file ” to be deployed in the test environment by next sunday please join the below session in order to deploy the attached file “ ph_file ”: please note that the fix has been deployed, please proceed with the test cycle and provide us with your feedback please note that there are no changes on the pages, we have deployed a fix to ensure that the sensitive data does not change please note that we are waiting for your kind feedback we can rollback the fix of ticket ph_technical, in order to proceed with the test of the fix of this ticket can you proceed with the test cycle for a ph_item that already exists in the system? we are waiting for your kind feedback and confirmation in order to reflect the fix to the production please note that the issue is not related to ticket 270 after our investigations on the mentioned case, we found that the ph_technical has been changed by one of the users, we have made a fix to make sure that critical data can't be changed on the ph_technical, please advise to deploy the fix, otherwise, we will consider this ticket resolved and close it please note that the case has happened once, we suggest rollback the fix and closing the ticket, and keep monitoring the case to check it again if happens we are waiting for your confirmation"
MND-1007271,Ticket,P1,125,"regards, ph_name team we will check your request and back to you shortly ph_user please connect us to the production server ph_link as per our connection, we found that the log size is almost ph_technical ph_technical, as requested from your side we will connect tomorrow morning to delete logs older than 6 months kindly note we will connect tomorrow morning to delete logs older than 6 months as per your request, we will postpone the deletion for next week as you are currently engaged with ph_name deployments please find the below teams meeting to delete logs ph_technical as per our remote connection kindly note we delete the logs for the past 6 months we will consider your request as done and proceed to close it"
MND-1005786,Ticket,P2,14,"regards, ph_name team waiting release from ph_user , noting that this is not priority"
MND-1004519,Ticket,P2,186,"regards, ph_name team please note that we will be checking this issue and will get back to you soonest ph_user as per our phone call please check what is modified over this service and return to us kindly note that we need to update the agent again with the same “latitude ph_technical longitude” values in order to catch the request and response to check them if there is anything wrong please coordinate with me before you update the agent kindly note that we will update you in the upcoming days about this issue please note that we will recheck this issue and update you soonest we can kindly note that we will update you soonest we can regards this issue we will post update regards this issue in the upcoming days ph_user ph_user dear ph_user and ph_user kindly note that we need to update the agent again with the same “latitude ph_technical longitude” values and check again please note that this issue is old, and there is no update from your side we will close this ticket and you can re-open a ticket at any time"
MND-1004526,Ticket,P3,322,"ph_user , we want to simulate the same case again in order to verify that the issue appears on the same account number or if this behavior is appearing on different accounts let us simulate the case on sunday morning to get all the required logs again regards, the below email was sent earlier from the bank side: greetings kindly find the ph_technical response below: below we can see that ph_technical ph_user is consuming two times the ph_technical service (ph_technical) passing the ph_technical equal to ph_technical (see below we highlighted it) why ph_technical ph_user is passing ph_technical instead of ph_technical number ph_technical again ph_technical ph_user should use in its flow to get the customer ph_technical these two ph_technical services: ph_technical (inquiry ph_technical ph_technical) ph_technical (to be used to create ph_technical in case the ph_technical doesn’t return the ph_technical because customer doesn’t ph_user it) i have created this gitlab ticket for the dev team to provide their inputs ph_link dears, we have tried to reach out to ph_user and he is out of the office we will check back once he is back the needed logs have been gathered, we will review them and keep you posted please provide us with any updates regarding this issue in order to proceed with ticket closure as per our phone call with ph_user from the bank side, he will contact the management and get back to us kindly provide us with an update regarding this ticket as per our meeting with the bank team and ph_technical team, they will have an internal meeting to discuss this issue further and try to replicate it and they will get back to us with their findings as per our meeting with the ph_technical team, this issue only appeared on one account and they were unable to reproduce the issue again we will consider this ticket as closed and in case there is any issue another ticket will be created"
MND-1004530,Ticket,P2,134,"best regards, ph_name, please provide us with the below: screenshot from the central and bank pages under the communication module using the filter on the cam.053 the output of the below sql query from the ph_technical schema: ph_sql please connect to the ph_technical schema on the production ph_technical and provide us with the output of the below query: please provide us with the output details (we need to see and check the ph_technical rows) no issue on the configuration level from the ph_name side, please check ph_technical ph_technical queue if it contains any ph_technical messages please ask your core banking team or ph_technical team to check it please inform us if there's any update from your core team waiting for your feedback no issue dear, as per your comment we will close this ticket"
MND-1006849,Ticket,P1,920,"regards, ph_name team greetings ph_user , please join the below session: ph_link ph_user the issue is under our ph_user , will get back to you asap please note that the issue is under our ph_user , will get back to you asap please inform us once the issue appeared, in order to be checked by our ph_user please note that we have made some more investigations on the case, and collected the logs to be provided to our ph_user we will get back to you asap please join the below session at 9:30 am: please note that we have made some more investigations on the case, collected the needed files, and delivered them to our ph_user please note that the issue is still under our ph_user 's investigations, we will get back to you asap please note that the issue is still under our ph_user 's investigation, we will get back to you asap we have been following this issue and we have found the root cause, we are now in the process of checking the design as it is related to ph_name behavior when sending the settlement and v files at approximately the same time, the design needs to be discussed internally to find a solution for the same, in this regards i will provide you with our update and expected fix asap please note that the case is still under our ph_user 's investigation no updates from the ph_user please note that the fix of the mentioned issue will be deployed by next sunday, please make sure to download the attached file ph_technical in the test app server please note that we will connect at 11:00 am to deploy the fix of the issue in the test environment, and make sure to download the attached file ph_technical in the test app server the fix has been deployed in the test environment, please proceed with a test cycle please proceed with full outward and inward test cycles, since the issue is related to the inward files does the fix affect the business workflow? please provide us with your kind feedback after closing the session could you check the ph_name gateway? as per feedback from your side over the zoom session, the fix is working fine on the test environment, please provide us with a suitable time to reflect the fix on the production the change will be deployed on the communication server, the system will not be able to send or receive files to and from ph_name during the reflecting process please note that the ph_user , ph_technical, and onus modules will not be stopped, and the needed time is ph_technical mins it is confirmed from our side, we will provide the connection at 2:30 pm please join the below session at 2:30 pm: please note that the fix has been reflected in the production environment, we will consider this ticket resolved under monitoring until tomorrow please keep monitoring until the end of the day did you retry the files to make them valid? please inform us once the case appears again tomorrow in order to connect and investigate please join the below session in order to collect logs: we have collected the needed logs and will get back to you asap we are waiting for our ph_user 's feedback please note that we have collected the logs for the invalid v files in our last connection, in order to provide them to our ph_user please join the below session in order to collect some data: please note that the needed data is in the below path, would you please upload it on the ticket: ph_technical thank you for the update, please inform us once the issue appears, keep one file invalid without any retrying in order to investigate more on the case can you please ask the support team to install notepad++ in the ha communication server in order to check the logs related to the mentioned files? please let us know once the notepad++ is installed on the mentioned server to connect and collect the needed files please inform us once the “notepad++” is installed on the ha communication server we are waiting for the bank's feedback please inform us once a file is invalid and keep the file as it is in order to connect and check we have connected and collected the needed data and have provided it to our ph_user , thank you please find attached the latest fix that has name ph_technical to be downloaded on the ph_technical test server we have deployed a fix on the test environment, please proceed with a test cycle and feedback if you mean just sending ph_items, we are asking to make a full test cycle inward and outward we are waiting for your confirmation to reflect the fix in the production environment please provide us with a suitable time to reflect the fix in production please join the below session at 10:00 am ph_country time: please note that we have reflected the fix on the production environment, we will keep the ticket resolved under monitoring till next sunday please note that next sunday we will reflect the fix on the main ph_technical server if the business user has confirmed the fix please monitor the invalid files and provide us with the number of files that appear invalid per day please keep monitoring till the end of this week no negative feedback from the bank side, this ticket will be closed by the end of the day"
MND-1005010,Ticket,P3,26,"gitlab issue opened for ph_user as per below link, once get the release will send it to the bank in-order to start with deploying it: ph_link"
MND-1007129,Ticket,P3,87,"this was discussed with ph_user before as explained, ph_technical ph_technical information is provided by the tomcat, not by the application, so we don't have any control over it and tomcat doesn't encrypt this information will have it as part of the training next week with ph_user so you will be able to do it by your self already explained to the team how to change the password on ph_technical file and update it in tomcat file , based on that we will proceed by closing this call"
MND-1009774,Ticket,P3,61,"i will check this issue with dev team and get back to you we tried to produce the case on uat, but we couldn't this is a very rare case i checked today all ph_items are good we will wait for two days and close this ticket if it doesn't happen again please check if the decimal issue has occurred recently"
MND-1005792,Ticket,P2,231,"regards, ph_name team the ticket is acknowledged, we will check the issue internally and update you soon on this thank you ph_user could you please provide ph_technical for this ph_item, we will connect and check in the database we are checking the issue, we will let you know the update soon as discussed we will try to verify the functioning of the trigger once again internally and update you later on this we are still studying the trigger behaviour, we will update you soon on this issue still under investigation kindly send us the trigger ph_technical and the function ph_technical from production ph_user database, for comparison we will update soon on this please find the updated trigger, as per out investigation the trigger was picking timing for wrong ph_technical, due to which the time calculation was not correct kindly apply the trigger in the production, but it is suggested to implement the trigger in the uat do a inward ph_item flow from ph_technical to ph_technical please let us know in case of any queries thank you for the feedback, it is safe to implement the trigger in the production kindly plan for the same kindly update if the trigger has been implemented in the production seems there are no issues after the trigger implementation, kindly contact us if you face any kind of issue the ticket will be closed for now"
MND-1004298,Ticket,P2,700,"report is not clear and contains points not related to the application so please remove the internal issues and segregate each application in separate sheet still i can't identify each record for which system so please add new column and add the system name to be able to handle it we have updated server ph_ip_address so ph_technical and tomcats running now with ph_technical 2 within other server ( ph_ip_address ) to complete the configurations all ph_technical applications and tomcat are using ph_technical 2 so please check it on test server and confirm to apply the same on production please share the new report in the new report you have 2 issues as below : 1- used cipher : please share requimended cipher for tls 1.2 to configure it from our end 2- self sign certificate : ph_technical dosn't have it is ph_user certificate so please share ph_technical for all ph_technical tools to request certificate for the same or we can use one certificate for all ph_technical tools with different ports all recommended tls 1.2 cipher has been applied along with the new ph_technical is it confirmed by your security team ph_technical please share all ph_technical folders from production to prepare it for you also please share ph_technical from tomcat and this can be done only after create new certificate to update all configuration once could you please let me know where you have upload the required file attached all new ph_technical and one the files updated will let you know the new ph_technical and ph_technical uploaded to test server under (ph_technical ph_path files ph_path ph_technical files and ph_technical ph_technical ) and you can deploy it at anytime , for the certificates please copy each certificate to the required path which is available under ph_technical under ph_technical then replace the ph_technical and restart the tomcat we recommend no to do all applications at the same time for the helpdesk tickets everything is provided over comments and below required steps: ph_technical 1- stop ph_technical application 2- rename current jar file 3- copy new jar file 4- start application b- tomcat 1- stop tomcat 2- copy ph_technical file to below folders onus ph_technical ph_user ph_path .jks ph_technical : ph_technical ph_user ph_path .jks ph_user : ph_technical ph_user ph_path .jks 3- rename old ph_technical and copy new one 4- start tomcat confirmed ,and it is independent tasks you can do each one alone please let us know if everything fine to close this ticket this can't be done as it is ph_technical request coming from the user direct and can't be disabled open ph_technical ph_technical is not used in our prod systems regarding point 1 an 2 please let me know which application is using ph_technical port and share the ph_technical to check it , for point 3,4 i have applied the recommendation over ph_link so please let the team check it and confirm to apply it to all other applications , regarding to http trace issue please let us know how they are doing the test as it is already disabled could you please re-share the latest ph_technical from production onus tomcat to check it we have checked the configuration again and this is the only allowed ciphers in the ph_technical 7 which is supported by the onus system for this issue you have to change current cipher in the ph_technical to (ph_technical,ph_technical, ph_user ) for both ph_technical and ph_name for the tls ph_path server supports ph_technical cipher algorithms (ph_technical) tls ph_path server supports the use of static key ciphers as sent before that you have to check with your security team as current java version doesn't support above ciphers and the only applicable ciphers will be as follow for both ( ph_user and onus) only tls 1.2 tls 1.1 and 1.0 is disabled and security team can scan and confirm nothing attached so please attache the file to check it as per the attached file we are using tls1.2 not 1.0 (server.ssl.enabled-protocols=tlsv1.2) so please make sure that security team are doing the scanning on correct server as no response received will consider this issue as resolved and it will be closed and if you face any other issue you can open new ticket"
MND-1006057,Ticket,P2,102,"kindly note that after our investigations we found that the core banking system replied to the ph_user force posting message with the following : error ph_technical error description=""account account is frozen frozen"" ph_technical and in reference to ph_user workfellow when the action flag ph_technical and error code ph_technical then the ph_item will be redirected to pay replied export statues ph_technical and because the core banking system replied by reason ph_technical (ph_technical ph_path ) the ph_item's reason ph_technical set to be=2 the ph_item doesn't appear on failed items because error code was ph_technical 0 please find the request and response messages bellow: ph_technical"
MND-1006058,Ticket,P2,490,"regards, ph_name team we will check it and get back to you ph_user ph_user greetings please we need the result from below queries: below one is needed from all ph_user ph_technical schemas except ph_user ph_technical central schema: ph_sql ph_technical, ph_technical ph_sql greetings kindly reminder regards, ph_user ph_user greetings kindly note you can mask on any sensitive data regards, ph_user greetings to execute the below from ph_technical central schema: ph_technical from ph_user ph_technical ph_name schema: greetings ph_sql greetings find new ph_technical gateway jar to fix issue, please place it on test in-order to be deployed sorry for that yes i checked that with ph_user this gateway will work on one node we waiting the customer to test the new jar and give us the feedback we waiting the ph_user to provide us with new gateway jar fix find new ph_technical gateway jar note we added some logs for more descriptive please confirm that you tested all the scenarios discussed with ph_user so we can deployment production we will provide you with ph_technical gateway version asap please find attached new ph_technical jar release for production ph_user greetings please provide us the below query result: ph_technical ph_technical ph_sql greetings kindly note you can move new ph_technical gateway version to production the new ph_technical gateway deployed and still waiting feedback form ph_name still needed anything from this ticket or closed it the customer have an issue with the gateway we investigating the issue then we will provide you with the result asap ph_user , ph_user , kindly find attached file ( ph_technical ) for ph_technical gateway for timeout fix and more descriptive log ph_user , ph_technical the new gateway release regards, ph_user greetings let us make sure from ph_technical file and all ph_technical it's right ph_link regards, ph_user dears, we deployed the gateway release and still waiting the feed back from ph_name side we deployed the new gateway release and we still ph_name to test it kindly note we will follow up these tickets (ph_technical), (ph_technical) on this ticket to manage the tickets easier so if there is any update with on this issue, please post it on this ticket please post the latest release for the gateway 1- executive summary ph_technical production errors after ph_version on ph_technical gateway ph_name has worked with ""ph_name"" team from "" apr 12, 2022 "" until ""feb 19, 2023"" for the reported issue 2- problem description there's an issue on the gateway for moving the ph_items 3-problem identification on date ph_technical ph_technical, ph_technical : we checked the problem from the log to identify the issue 4- corrective action ph_name team the below action to resolve the issue apr 12, 2022 : send a meeting ph_technical ph_technical, ph_technical : after we check the problem we sent the issue fro the ph_user to provide us with the fix fro this issue 5- conclusion and recommendation we deployed a multiple fixes with multiple ph_technical gateway releases we recommend to have: n/a"
MND-1005794,Ticket,P3,256,"this was discussed and we have checked the logs from our end and we couldn't find any issue from our end however please ask ldap team to create new ph_user for only ph_user users so we will configure it from our end instead or retrieving the users for the whole bank from the application we have checked all logs and we found that the retrieval from ldap takes long time , also from the application side it is exact copy from the old server with no changes or fixes done on the system logs will be available under security logs folder you will fined the log under the sec folder with name app1.sec.log we could not find any log at the same time that you have mentioned , we will prepare so extra logging to provide you with the needed will let you know once done could you please check if you can simulate same case on test server in this case please copy same tomcat from production to test server so if the issue appear it will be application issue otherwise it will be os or network issue , please let is know once it is copied to configure it and check yes it was the same and we have do the test using the production files , but to do the same test again proof if it is application issue or not based on the test result after coping same application any update to move prod tomcat to test server to check the issue"
MND-1006331,Ticket,P2,122,"please note that this ticket is opened on the behalf of ph_name as per our email communications we will investigate the logs sent by you and get back to you asap regards, ph_user ph_user greetings please note that this issue is under investigation on development side we will get back to you with a fix once there is a feedback please note that we deployed the following releases in the sit to fix this issue: ph_technical the filters now work with multiple search parameters kindly verify it once from your side and arrange for production deployment please note that a release was deployed in production to fix the issue with search filter so, we will close the ticket considering the case resolved"
MND-1006279,HD Service,P2,994,"regards, ph_name team greetings please note that we will follow up and check the configuration after cloning the ph_technical app01 we are kindly waiting your update regards, ph_user noted, we will check all configuration and update you soonest we finish kindly note that we need to change the hosts configuration from your side: add hosts names and ip's of the new servers in the hosts file example: ph_ip_address ph_technical ph_ip_address ph_technical also, please provide any details about ph_technical url used in production, is it lb? if yes please add the new servers under it over the same port ph_technical thanks, we will check and update you please note that we are still working to configure the 2 new nodes, please note that we need the following to be done: open the connection from the new nodes to: ph_technical for ph_technical files upgrade ph_technical version since we yesterday we deployed new release also, please confirm when you are ready to start testing the application with the new configurations please note that all the configuration are now set and ready, and as per our phone call we will manage to test and study on how to implement clustering in activemq we will update you soonest we can please note that we are working on a solution that will provide ph_technical ha in the production environment, but we are still testing it we will implement it next week kindly note that we are working on a ha solution that will be implemented over your production environment, we will update you with the design meanwhile we will be implementing this design locally to ensure that all the components are working fine kindly note that we are still deploying and implementing the new design, we will update you on when we can deploy it over production kindly note that we are still in deploying and configuration stage, the solution details will be as follow: the solution is made available to help in simulating the case of the best practice to implement apache ph_technical ph_technical in an ha setup with ph_technical all on ph_technical platform, this solution we will implement the ph_technical in an ha setup with nginx the design will be 2 nodes for ph_technical and 2 nodes for ph_technical, and the ph_technical will act as a loadbalancer for the artimis ph_technical ph_technical will be in master ph_path mode (active ph_path ) note: we will upgrade the current apache ph_technical to apache ph_technical artimis please your feedback on this solution please note that we have done deploying and testing the new design, new design will be using apache ph_technical ph_technical besides nginx please your feedback noted with thanks kindly be informed that we have done deploying and testing the ph_technical recipe, and now we are ready to apply the the new solution over your production site the recipe as follow: • 4 ph_technical instances, one master, slave and 2 slaves as backup for the slave instance • we will keep the failover controlled by ph_technical with oracle db; otherwise, we will use a ph_technical (ph_technical) on ph_technical storage or move to a ph_technical ph_technical solution, avoiding a single point of failure • the solution will have two instances of ph_technical, they will act as a load balancer and to manage the failover process kindly note that we will provide go-live plan for this request and we might implement it this weekend we will keep you updated over email and here as per our phone call with ph_name, we will postpone the implementation of the new design until the first thursday in the second week of this month thanks for attending the demo today as discussed, please update us on the go-live date and time asap to inform the team also, there are some points discussed in the meeting as follows: implementing the new design at uat next week in case we didn't go-live on friday ph_technical ph_path provide ph_name team with root password for the 4 nodes ( ph_name it team) provide manual for new ph_technical design (ph_name team) develop a shell script to check the ph_technical nodes in order to identify the master node (ph_name team) ph_technical after go-live as per ph_user email, we will postpone the go-live until next week: unfortunately it isn’t approved by business to go on with tonight incident so postpone it please till next week and according to our plan please lets apply the setup on uat ph_technicalp., please note that we already deployed the new ph_technical design over uat and the system is stable please check the email below and update us please note that we have done checking the points you mentioned in your last email, and we have already updated this ticket: ph_name kindly make sure to check and update us on the status of the below: provide root passwords for the servers grant full privileges for the newly created scheme: ph_technical (create objects, sessions) please note that we have done deploying the ph_technical design, now we have 4 nodes 1 master and 3 nodes, and now the new nodes are under the traffic please monitor the system and update us if anything is needed we will be monitoring the system and please report us any issue please let me verify and update you please note that ph_technical has a different design than the old ph_technical, if possible we will update you with methods to monitor the health of ph_technical, meanwhile, if you have ph_name or any monitoring agent please use it on the new amq kindly note that we are developing a script on phases to monitor the ph_technical system as well as ph_name, including the pending notifications over ph_technical we will update you once we done please note that we are still testing the script locally and we will update you soonest please note that we will be closing this ticket and we will open another for the monitoring tool as we have done implementing the new servers"
MND-1007343,Ticket,P3,202,"regards, ph_name team this ticket is a duplicate of ph_link so we will close this one and continue working on the other one kind reminder ph_user any updates ph_user : the fix is being worked on with the ph_user , once done we will provide it attached here the updated .jar file when need to deploy in the current test environment (not ph_name) in : ( ph_technical ph_code ph_technical ph_path ) we can test directly after restarting and deployment to test the fix, from bank side you need to allow multi-threading on ph_technical and test multiple checks since the fix allows multi-threading from ph_user side ph_user ph_name we need to change ph_user send to ph_technical (working threads) in (ph_technical ph_code ph_technical ph_path .xml) and change it to the number of wanted threads best regards, dears, kindly note that the ph_user from the banks side are working on it and we are waiting for their update, will update you as soon as we get new information could you please provide me with an estimate due date for the issue kindly note that we will close this ticket by the end of the day since we did not have a response from your side"
MND-1006856,Ticket,P3,571,"regards, ph_name team dears, please note that we have checked the logs and the integration and no issue appeared on the logs, also please note that the site internally is working with no issue reported we have checked the production site the screen shot show the test site, please let us know is the problem still exist , as we did a restart for the tomcats upon ph_technical request, and everything is working fine after the 1 min restart please note that today we have checked again the issue of customer info internally and the below error retrieved in the logs for the customer info message ph_logs according to that please check the ph_technical services from your end to solve the faced issue kindly let us know if you still need any more assistance from our end kindly note that according to follow up with ph_user , he informed me that this issue has been appeared after move to new environment and also as you confirmed in your below comment please note that the error what we are facing in our logs is a “disconnect ph_technical ” error which mean that either we are not able to communicate with your ph_technical or the ph_technical is not responding to our request please to check this issue from your end and feed us back once solved so we can consider this issue as resolved please note that we have not do anything from our side, as been informed that this issue appeared after moving to new ph_technical environment kindly let us know if you have changed the url of core banking system or its still the one we were used for the current running test site please note that no one from ph_technical bank inform us that the core banking system has been changed the url we are using for integration also did anyone from ph_technical bank contact the ph_technical team in order to avail the connection to the new prepared servers from your end as you know that ph_technical only opened a connection to a specific ip address for ph_technical that provided from the bank note: we have checked the connection and the connection refused please to follow up on this issue with ph_technical team and once the connection is available and stable, you can refer back to us to modify to new url kindly note that telnet from integration server ( ph_ip_address ) ( test site ) to the new provided url is not working and the connection closed, what you have report below is related to session which is different of the issue that you are facing also , please confirm to us, if you have contact ph_technical in order to avail a connection to your new prepared ph_technical or not please note that either the connection is not established or you have enabled the firewall on the operating system that you have deployed your ph_technical on it, the below is our testing results ph_technical ph_user please note that according to the conduct meeting last week , we have follow up with you and your network team along with the middle ware team, no we were able to connect to your end successfully with no issue yet you have faced some issue related to the customer info message which you should work to resolve the faced issue according to that please note that we will consider this issue as resolved"
MND-1006218,Ticket,P3,45,"regards, ph_name team we will check and get back to you asap ph_user ph_user greetings ph_user , please connect us to check this issue ph_user , ph_user , we need to run these statements to change the status of ph_item below: ph_sql the rollback: ph_sql"
MND-1007574,Ticket,P1,27,"regards, ph_name team kindly note that we will check this issue and get back to you ph_user ph_user please check ph_user please consider this ticket as closed"
MND-1008189,Ticket,P1,35,"regards, ph_name team connected based on the integration logs, we found there is an error in the response from the ph_technical and needs to be checked from the ph_technical side the error is: ph_logs ph_user"
MND-1006870,Ticket,P3,131,"let us replace the setenv.sh with the below values: path of file: ph_path ph_technical path : ph_path as discussed our plan is to implement on uat site if all was good we will arrange for moving it to production best regards, ph_user ph_user appreciate your update on the below br, please advice if we can arrange in moving it to production since no one reported any issue for the past two weeks let us plan it over the coming weekend as per our meeting we identified that the implementation of the fix was some how got rollback, accordingly we reimplemented it on test site and we will be monitoring for one week let us plan the deployment tomorrow at 01:30pm as the fix is implemented, kindly consider this ticket as resolved"
MND-1009028,Ticket,P1,21,"regards, ph_name team please provide a remote connection ph_user ph_technical as per your request all ph_items and batches have been deleted"
MND-1007473,Ticket,P4,46,"the ticket is acknowledged kindly send us the screen shots as well while generating the report thank you ph_user kindly let us know if you still face such slowness during report generation as discussed in out last meeting, please confirm if the issue is still there?"
MND-1006536,Ticket,P2,174,"regards, ph_name team this issue is on the test or prod and please send the information on the ph_item ph_user ph_user i didn't find the ph_technical number, please send the information ph_item from the master query ph_user , ph_user , please connect us to check this issue urgently i'm waiting for the ph_name to connect us still, i'm waiting for the ph_name to connect us please provide us the result query below for ph_name onus schema production: ph_sql after investigating the issue we can't upload the check one more time because, in the system, you are allowed three times, now we are waiting for the ph_name to take approval to increase the parameter ph_user we need to run this statement below on onus ph_name production schema to fix this issue: ph_technical according to what ph_user sent in an email, as per our investigation, please be noted that the ph_item has reached the maximum presentment cycle “ presented three times”, therefore you can return the ph_item to the customer or clear it outside the system"
MND-1006560,Ticket,P3,242,"regards, ph_name helpdesk team kindly note that we will be checking this issue and will update you soonest we can ph_user kindly note, chances are that some dependent object, such as a table, is being altered in some way e.g dropped and recreated, and this causes the procedures depending on it to be marked 'invalid' this doesn't necessarily mean that they are invalid as, if you try and use them, oracle will automatically try to recompile them, and if the dependent object is still ok to use it will become 'valid' again automatically however, if the dependent object has changed in such a way that the procedure cannot be recompiled automatically, then it will remain invalid and we will need to find out what is wrong this can be done by trying to compile the procedure via sql editor or some other tool which can report the errors please if the procedures still invalid and cannot be compiled, we will take a copy of each and we will ask our developers to tune the procedures kindly note that i have tried to re-compile the invalid procedure over rehearsal, and it worked and it becomes valid, so there is no issue with the procedures check attached screenshots please your update kindly is there are any updates? kindly note that based on your last comment we will consider this ticket as closed and you can re-open it in case you faced the same issue"
MND-1010047,Ticket,P1,61,"for batches with status waiting central reply ph_technical reply step there is no issue, all of them assigned to the today session, once the central report arrived all of statuses will be reflected for ph_technical generating failed step, we will investigate the issue and get back to you asap kindly the fix deployed on production, waiting your feedback for any assist"
MND-1006565,Ticket,P2,210,"reference to our phone call, we are under the impression that the out of memory exception was due to a bulk export of ph_items from the history query (based on the exception logs provided) we recommend to do the export of ph_items in chunks in order to avoid this kind of scenario as agreed, a remote session tomorrow at 9:30 am will be sent to check the logs for us to identify the user who did the export action on the system i will send you the teams meeting request regards, reference to our remote session, we reached to a conclusion that the out of memory issue was due to the bulk exporting of ph_items the same scenario was simulated on the uat environment and the same out of memory exception was reproduced in order to prevent this kind of scenario in the future, we are recommending to have the reports in chunks rather thank bulk export after thorough investigation on the managed server logs, we were also able to unveil the ip address of the client ph_technical who did the export action as agreed, the same report will be forwarded to user services team along with our recommendations since this issue was resolved we will proceed in closing it"
MND-1006292,Deployment,P2,76,"regards, ph_name team kindly note as informed by phone call, we are deploying ph_technical release (ph_version) and ph_name release (ph_version) on production servers kindly requested to run the scripts in attachments sections ph_user ph_user thank you for your corporation, kindly note release is deployed on ph_name production servers kindly note, as the release is deployed and working smoothly we will consider this ticket as closed if you require any further information, feel free to contact us"
MND-1007351,Ticket,P2,107,"regards, ph_name team acknowledged based on our last call, we have arranged with you tomorrow at 6:00 am to be on the bank site to start moving dr steps best regards, ph_user ph_user please kindly note that we shutdown the database on the dr server in order to move it to the new location we are now waiting for your confirmation to start the database by the attached file ( ph_technical ), which contains all the steps and makes sure all servers are syncing successfully kindly note the last attached file (ph_technical) has been added to the ticket and the dr server is now up and syncing"
MND-1010048,Ticket,P3,72,"regards, ph_name team we are connected with the bank ph_user ph_user ph_user as per our connection, we have deployed the imported the requested ph_technical related ph_items on the ph_technical module, we will keep this ticket open for monitoring purposes as per our connection with the bank, we imported the requested ph_technical ph_items on an intermediate temporary table and executed the ph_technical migration procedure, the data were imported on the ph_technical table afterwards"
MND-1006514,Ticket,P2,46,this error is very clear which mean you can't close this customer as he has open accounts from another banks and the only way to close the customer to close all open accounts first so from your side you can close your account not the customer
MND-1006872,Ticket,P1,151,"regards, ph_name team kindly note that as per our call with ph_user , she mentioned that there was many transactions with charges and a few without, so please provide us with a transaction with charges for the same receiver in order to compare the 2 transactions ph_user kindly note that we will be checking this issue with the ph_technical team and we will update you soonest we can please note that we have passed this issue to the developers, and they will try to simulate this case and return yo us kindly note that our developers tried to simulate the case in our environment, tests includes more than ph_technical transaction with the same details of the production with no chance, we suggest testing the same ph_technical on uat and we will investigate it in case the problem still exists please your feedback please is there are any updates kindly your updates"
MND-1009034,Ticket,P2,29,"regards, ph_name team dears, kindly note that we found all the user's password was expired (ph_technical, ph_technical, ph_technical, ph_technical), so we reset all the password and restart the application"
MND-1006523,Ticket,P2,28,"regards, ph_name team we will check it and get back to you asap ph_user please join the below session: ph_link please note that the issue has been resolved"
MND-1006522,Ticket,P2,48,"regards, ph_name team please join the below session: ph_link ph_user please note that there is no issue with the archive system, you were checking the old archive schemas please your confirmation to delete the old archive schemas please note that the old archive schemas have been deleted successfully"
MND-1007369,HD Service,P1,111,"regards, ph_name team kindly note, we will check this matter with our mobile ph_user as changing the ssl certificate required a new mobile application builds on application stores you can begin generating and issuing the new ssl certificate for ph_user domain common name and we will have a plan to update this certificate in our frontend servers ph_technical definition ph_user can you please provide us with the certificate ph_user ph_user please find the below url for new android and ios release: ph_technical ios customer: ph_link android customer: ph_link ios merchant: ph_link android merchant: ph_link kindly note that as per our meeting yesterday the new release with new certificate uploaded to store"
MND-1006139,Ticket,P2,231,"regards, ph_name team kindly note that we are working on this and will provide you the required queries soonest ph_user ph_user kindly note that we will continue working on the queries, as we was busy with other ph_name issues your understanding is much appreciated kindly note that queries are ready and tested on uat the query-3 will reflect ph_item creation date onto ph_item service creation date kindly note that i also attached the queries on the attachment section, i would prefer copying the queries from there 1- run this query to save the current dates in case something went wrong ph_sql 2- query to check how many ph_item affected 3- update query kindly update me if there is any question on this regards, ph_user ph_user kindly requested to provide your update on this? yes, and please follow the steps from 1 to 3 kindly check the below solution, it will reflect ph_item creation date onto ph_item service creation date kindly provide any update on this ticket kindly requested to provide any update on this kindly note as solution is provided, tested and needs only to be deployed from your side as we have no access to database also the issue that affects creation dates is fixed and stopped we will close this ticket next thursday (ph_technical ph_path ) kindly note it can be reopened at anytime that you see it suitable"
MND-1007481,Ticket,P3,238,"for latest ph_name changes, nothing need to be changed on ph_user configurations, you ph_user check that all your ph_user can be done smoothly during weekends and holidays sessions schedule will remain as the current and you should maintain the next business day for ph_technical ph_items, if there are ph_items in ph_technical store that are due on the weekend, the system will release them automatically and thus, they will be sent to ph_name based on ph_name circular, banks should do inward and outward ph_items so payer bank should reply during weekends can you please arrange for a quick call to discuss and clarify the mentioned points regards, as discussed please find the answers below: 1 ph_technical dates should be defaulted to ph_item this is not possible as the system will not read ph_technical 2 ph_technical dates should not be before the ph_item date there is a validation 3 ph_technical dates field should be editable editable you can move the ph_item to the ph_technical page and edit the ph_technical date the posting date should not exceed more than 180 days from ph_item dates there is validation regarding this please let us know if you have any issues best regards, ph_user ph_user please advice if any further support is required from our side? we will consider this ticket as resolved if you need any further support please do not hesitate to contact us or issue a new ticket referencing this one"
MND-1007203,Ticket,P2,260,"regards, ph_user greetings we will check the issue and get back to you asap regards, ph_user dears, this issue still under review due date: aug 31, 2022 dears, this issue still under investigation due date: oct 31, 2022 due date: nov ph_technical, ph_technical ph_technical we still waiting the ph_user to provide us with the solution for this scenario we need to do some change on startup.properties file and execute some statement on the ph_technical to identify the bank with it's users if this reply is useful please confirm to close the ticket 1- executive summary manage contingency users progresssoft has worked with ""ph_name"" team from "" jun 23, 2022 "" until ""feb 19, 2023"" for the reported issue 2- problem description kindly advise how to manage contingency users case: new bank opened a branch in ph_name, the bank has been added to ph_technical and synced with ph_technical the bank want to use contingency to join ph_technical 3-problem identification on date jun ph_technical, ph_technical : we checked the issue with the ph_user to find how we can add new banks on ph_technical contingency 4- corrective action ph_name team the below action to resolve the issue jun 23, 2022 : send a meeting jun 23, 2022 : after we check the issue with ph_name we sent the issue fro the ph_user to provide us with the solution 5- conclusion and recommendation for this scenario we need to do some change on startup.properties file and execute some statement on the ph_technical to identify the bank with it's users we recommend to have: n/a"
MND-1010134,Ticket,P2,42,"regards, ph_name team kindly note that we will check this accounts and get back to you ph_user ph_user kindly note that all provided mobile numbers not exists at ph_technical can you please check the data again please consider this ticket as closed"
MND-1006083,Ticket,P2,96,"regards, ph_name team kindly note our ph_user is working to solve the issue, once we have a fix we will update you ph_user kindly note, this ticket is still under ph_user , once we have a fix we will update you kindly note, today we deployed a new release and the issue was fixed successfully please test it from your side and give me your feedback on the fix kindly note this issue is considered as resolved and will be closed, if you require any further assistance in the future regarding this issue please inform us"
MND-1009846,Deployment,P1,603,"kindly provide our vpn accounts access to the new servers( ph_user ph_technical ph_user ) kindly provide us with the ph_technical and password for the new servers regards, ph_user kindly we need to create a new user over the servers named: ph_name, same as the production servers kindly note that i don't have access to the new servers through my vpn, please check and grant me access based on ph_user feedback, ph_name user has been created: user name: ph_technical password: ph_technical kindly provide your update kindly note that access is now granted, and we will start preparing the servers ph_user and ph_user , kindly check if new servers can reach the live ph_technical servers ( ph_technical ) and update us kindly create a new scheme for ph_technical over production ph_technical named: (ph_technical) the ph_technical or password is incorrect kindly note that we will check and update you kindly provide the password over the ticket still, the password is invalid worked now, thanks kindly check this issue: (io error: unknown host specified ) when we make ph_technical try to connect to ph_technical at startup the previous error appeared also, please check if the ph_technical url is specified and reachable to the new servers ph_technical ph_user ph_technical ph_path kindly provide your update, we need to finalize this deployment in order to move the offline ph_user and to eliminate the issues over live site please we need to finalize this deployment, please check the comment from ph_technical ph_path : dears ph_user ph_user , still, the connection for the ph_technical host is not configured, please check and advise please note that we dont use the ip in the connection string to ph_technical, we have already tried to check if we can connect to ph_technical with telnet but no response returned: ph_technical noted, we will check and update you thanks the ph_technical host is now reachable over this server: ph_technical , but on this server: ph_technical , still the telnet is not working: please add the second server to the dns kindly fix this issue over the new ph_technical user used in offline ph_user : could not create ph_technical tables; they could already exist failure was: ph_sql noted, thanks kindly note that the issue is not resolved: please check and give full permission to the user please check the below comment about the host issue, and update us the issue was resolved, but now we are still waiting for ph_user feedback about resolving the host issue on the second server still same issue we have tried from ph_ip_address to telnet to ph_technical host and didn't work but t ph_technical ph_ip_address ph_technical worked this is the ip: ph_ip_address for this host: ph_technical, that we are trying to reach kindly note that we have set up the new servers, please help us in below: open a connection for my vpn and ph_user vpn towards: ph_ip_address port : ph_technical (tomcat ph_technical) open the connection from this server: ph_ip_address towards this server : ph_ip_address on port : ph_technical the connection between servers is now open, but still i don't have access to the ph_technical on port 8443 kindly note that the setup of the new servers is now completed and the connection is now opened, please manage to expose the new service ph_technical ui: ph_link ph_technical – to be exposed please check and test the offline uploader kindly note that this issue already appeared an it was due to policy in the ph_technical, please check with your network ph_user , and there are no errors appearing in the log kindly note that based on your last comment we will consider this ticket closed"
MND-1010597,Ticket,P2,49,"regards, ph_name team kindly note that we will check this account and get back to you ph_user ph_user kindly note that after checking the customer information there is no difference between ph_technical and ph_name and customer already register on both with number ph_technical please consider this ticket as closed"
MND-1006527,Ticket,P2,77,could you please try to re-register the account as the message appear correct so we will do more investigation about this issue this issue related to the customer registration were this customer registered without id issuing country in ph_technical so you have to close the customer first then register the customer and account with correct values as no response received and no issue on the system will consider this issue as resolved and it will be closed
MND-1006593,Ticket,P1,210,"kindly note that we will be checking this issue and will update you soonest we can regards, ph_user kindly note that this ph_user is succeed, this ph_name ph_user is automated pending on psp side, we will investigate it and update you the soonest kindly note that we will check it from ph_name side and update you kindly note that based on ph_user feedback, we cant handle this transaction from ph_technical, based on that we will check with the ph_name developers why we cant do manual resend on it please note that ph_name needs to receive acknowledgment from ph_technical to handle the notification, but this is not implemented and ph_user knows about that, this ph_user notification will be pending until ph_technical return with a response, based on that there is no issue in ph_name or ph_technical please update us when you have any update please is there are any update? kindly note that nothing can be done on the ph_name since the notification is pending with no response from the biller which means that no notification can be sent to the ph_technical for settlement please manage to process this transaction manually on your end also, your ph_user team confirm over email that they will handle the pending ph_user form their side"
MND-1006597,Ticket,P3,0,
MND-1004975,Ticket,P4,36,"we will check and get back to you we are following up with ph_user , will update it once get a feedback we are following up with ph_user , noting that this issue is not priority"
MND-1004974,Ticket,P4,54,can you please send more details or include any attachment that ph_user show what exactly the issue is we are checking this with ph_user ph_user ph_user please test the same on the latest mobile version and update us with your feedback did you check android and ios? please check the same and update us
MND-1007478,Ticket,P3,517,"we will check and update you thank you kindly provide us the logs during the action also, let us know if this behavior is for specific banks or occurs randomly and also let us try to replicate the issue in the uat environment, as we could not replicate the issue ph_user could you please let us know if this issue is happening in any particular section like ‘ph_technical’ or if appears in random page? let us connect and check the issue in the uat togehter ph_link i'm not able to replicate the issue in the uat for ph_technical, kindly help to replicate the scenario in the uat let us arrange time to sit together and understand the case in the uat kindly connect: the issue is still under investigation ph_technical and user id where both opened the ph_item and ph_item lock ph_technical happened are user id in (ph_technical,ph_technical) for ph_technical ph_technical i could not find the exact ph_technical in the database if possible let us try to check the locking dates in the ph_technical right at the time when the issue happens at the bank side issue still under investigation kindly let us know when we can connect to bank to check the issue ph_user ph_technical, we have collected the required logs, we will analyse from our side and update you as soon as possible we are working to try to replicate the case and check if we get the following exception we were not able to replicate the case even after trying different scenarios, it would be helpful of we could check the issue while is occurring at the bank side thanks the fix for this as well delivered through the ticket: ph_link take the backup of ph_file file in central side ph_technical ph_path and in the bankside ph_technical ph_path replace attached ph_file file in both central side and bank side in the location: ph_technical ph_path and ph_technical ph_path restart both central and bank tomcat kindly check if the issue persists after applying the fix kindly update the status let us apply the modified ph_technical delivered with ph_technical, and monitor this as well we will check further on this we are checking for the feasible solution for the ph_user ph_technical exception, in the mean time could you please share the following details once again , while the issue occurs: ph_item ph_technical first user name who open the ph_item second user name who open the above ph_item and start editing at the same time when the first user is working on the same ph_item timing of the action could we have the requested details please kindly let us know the details once the issue occurs let us close the ticket for now, since we don't have full details and issue could not be replicated later if the issue re occurs you could contact us through a ticekt since, there are no updates we will close this ticket for now you can raise another ticket if the issue reoccurs for the ph_user ph_technical exception we are working on this internally, we will create a ticket for this exception"
MND-1006781,Ticket,P2,41,"regards, ph_name team please to contact ph_technical side, and get back to us! please note that we cannot do anything until you contact ph_technical side formally to connect us to db! best regards, ph_user issue solved, this ticket will be closed!"
MND-1005365,Ticket,P2,185,"regards, ph_name team as per our phone call, we'll discuss this with the ph_user and get back to you as soon as possible please note that this ph_technical is under development please note that this is under development ph_technical header final ph_user ph_user ph_code thu 07 ph_path 16:58 to: cc: i've been testing on your site to check what's mandatory and what isn't we've found out that these are the required data from our side, please note that these fields are required even if they were empty ph_code ph_code ph_code ph_code ph_code ph_code please confirm if the header is working to close this ticket please note that we have the release ready pick a time at your convenience to deploy it we've successfully deployed the new release we'll move this to pending deployment until the bank decides to move it to the production environment please note that we've arranged to deploy the new release on the production environment this thursday, aug 11 2022 please note that we've deployed this release on the production environment please note that we'll consider this ticket as closed for now"
MND-1006882,Ticket,P1,189,"kindly note that we reached our dev team and we will check it today a gitlab ticket opened for this issue in the links above best regards ph_user ph_name beat regards ph_user ph_user dears ph_user kindly note that we will check this issue today at ph_technical pm we will trace the issue to know the root cause of it asap ph_name disk team ph_user as per our phone call, we are still investigating this issue kindly note that we will back to you asap ph_name disk team ph_user ph_user kindly note that we are still waiting for our ph_user 's solution on the ticket best regards ph_user ph_user kindly note that this issue it has appeared only one time at your production site so far, we have tried to simulate the case on the test environment and internally with no luck to find the root cause or reduce it again as there is a validation on the type of money unites(ph_technical) that prevents such cases to appear this message is related to denomination messages this ticket will be considered closed and kindly inform us if this issue occurs again"
MND-1007497,Ticket,P1,55,"as you requested, we will connect today at 3:30 pm regarding this ticket regards greetings as per out connection on friday the only issue that shown up is the firewall which was disabled from your side if no further help required from our side this ticket will be closed by the end of the week"
MND-1006613,Ticket,P1,21,"regards, ph_name team greetings ph_user , please join the below session: ph_link ph_user please note that the ph_items have been processed"
MND-1006627,Ticket,P3,46,"thank you for your time over the remote session, kindly note that this ticket has been resolved as per our call, this ticket will be closed regards, ph_user remote session summary: dropped “ ph_technical ” table create new “ ph_technical ” table with this query: ph_sql"
MND-1007611,Ticket,P3,283,"please advise us of a suitable time to connect with you, to create and use a wallet on the archive server best regards, ph_user ph_user a kind reminder to provide us with a suitable time to connect with you regards, please let us know if there are any updates about applying the oracle wallet could you please join the webex session below to apply the oracle wallet: ph_link dears, per our last connection, on both the production and archive sides, the wallet was successfully created, and tomorrow we will complete the process could you please join the webex session below to complete the applying oracle wallet: dears, per our last connection, the wallet was applied on the archive server for the sender and archive tomcat, but we did not proceed with all the steps because we needed to verify the ph_user production schema password before finishing the applying wallet kindly note that the wallet is created and configured as follows: ph_technical, ph_technical , ph_file , and bash profile we will connect today at 2:00 pm to reflect all the changes in the wallet and test it kindly note that we check ph_name's wallet we found that there was a mistake in the archive's password so we replace and we will test it today so, according to ph_user mail, applying for a wallet and activating the delete flag will be on sunday best regards ph_user ph_user greetings could you please provide us with a suitable time to connect for applying the wallet and ph_technical the delete flag? per our last connection, kindly note that the wallet on the archive server has been applied successfully and is working fine based on your business team feedback"
MND-1007580,Ticket,P3,121,"as discussed the release button should be available on the ph_technical page, please double check and let me know as for the ph_technical this is considered as a change request, we will report to our ph_user and get back to you as soon as we get their feedback kind regards, ph_user ph_user as guided, kindly refer to the below steps and confirm if it solved your issue in the ph_technical edit for each service the below to make the stop on holiday false: ph_code please make sure that ph_technical and ph_technical are set outside the time that you will be checking best regards, in reference to our phone conversation, and since the issue is resolved, please consider this ticket as closed"
MND-1008884,Ticket,P2,35,kindly note that we will check this account and get back to you regards ph_user ph_user kindly note that the action for this customer is appear now please check please consider this ticket as closed
MND-1006809,Ticket,P2,0,
MND-1009366,Ticket,P1,129,"regards, ph_name team kindly note that we will check this issue and get back to you ph_user ph_user kindly note that the below sample is the regex for ph_technical nationality ph_country - ph_country id type ph_technical - temporary passport number national id ph_path id ph_technical you can use ph_technical to save the ph_technical and before approve it we need to change the ph_technical from database until solve the case from ph_technical kindly note that the new release deployed over uat site, waiting your testing result kindly note that the new releases of ph_technical (ph_version ph_path ph_version ) and ph_name (1.15.0) have been successfully deployed over ph_user production servers please consider this ticket as closed and if the case happen again you can reopen the ticket or create new one"
MND-1007200,Ticket,P2,243,"regards, ph_name team let me check the possibility for that and get back to you shortly please suggest a time to connect and check ph_user and ph_user , kindly reminder regarding this thank you sorry, i wasn't available before 3:00 pm today, lets schedule another time for it please how about tomorrow? ph_user or ph_user , ph_technical , and the reply on https ph_technical gateway email thread please suggest a time to connect to do the attached steps as per our last connection, we well configure the gateway to run on https after ph_name finish testing with the newest release kindly note that even a newer release has been deployed so we will wait until they finish testing can we proceed with this change? the new release for ph_technical gateway has been deployed successfully when you finish testing, please let me know to proceed with this ticket a new release for ph_technical gateway has been deployed recently, please inform us once you are ready to apply this change can we apply this now? we will apply this change after ph_name finish testing the new gateway the change has been applied on production environment along with a new release therefor, we will consider this ticket as resolved let me know if you have any concerns problem: change ph_technical gateway url to https investigation and simulation: development agile related issue : solution: add the necessary configuration 1- did we resolve the problem and its symptoms?"
MND-1008662,Ticket,P3,168,"kindly note that this feature is disabled by default, please find the below steps to activate it: 1- add the file ' ph_technical ' to the path 'tomcat ph_path ' 2- edit the file 'tomcat ph_path' ph_technical add ' ph_code ' under the line ' ph_code ' ph_technical add ' ph_code ' under the line ' ph_code ' 3- restart the tomcat service after ph_technical the route the system will validate the users 'last successful login' against the account policy 'days to disable' parameter and move the matched users to disabled status route is configured to start everyday at 6 pm in the test environment, waiting your kind feedback regards, please note that the changes were applied last week in the test environment, waiting your kind feedback to test the route activate the user ‘ph_user ’ and once the route starts ‘6pm’ the user will be disabled since the last login date for the user is ‘05-jul-22 ph_ip_address 00 am’, login date is logged in the table ‘ph_technical’"
MND-1008656,HD Service,P1,129,"please note that your ticket has been assigned and we will contact you shortly best regards ph_name team according to our phone call, we amend this ticket by removing the physical issue and you will open a separate ticket for it regarding the reported issue please download the attached security report and you will have a session to delete the old one and upload the new one which compatible with the latest upgrade as we agreed will complete this issue tomorrow morning, please share new remote session please note that during today's session we upload all the new reports to the security application and you are able to generate all required reports as we agreed we will close this issue since no more action is required from our side"
MND-1007104,Ticket,P3,300,"regards, ph_name team can we connect now? regards, ph_user as per our call, we will connect tomorrow at ph_technical kindly join this meeting: ph_link kindly join the webex meeting: ph_link ph_user i will provide you with the list today, also i will try to check the ph_technical table ph_path size as you suggested kindly note that yesterday we deployed the new release that you provided us with after deploying it we ph_technical the debug mode and tried to import the ph_name list but uncertainly we noticed that after importing the list manually and approving it the status for the list is stuck at ""waiting"" so i tried another time but without the debug mode and also i got the same result after many times i redeployed the old release once i started the application all the lists were able to change their statuses and processed but still, the ph_name list status is ph_technical failed ph_technical once you download the new release into the test server we need to connect to deploy it and test it so we can deploy it into production please keep me updated once you download it so we can connect and continue working thank you for your time over the remote session, kindly note that we deployed a new release that contains the ph_name list issue fix we tried to import 5 ph_name lists and all of them went successfully please note that we are waiting for your feedback after the download schedule works and import the ph_name list automatically with the status ph_technical success ph_technical and if it does we will close this ticket as per my call with ph_user ,kindly note that we agreed to close this ticket remote session summary: deployed the new release changed the ph_file changed the startup.properties run the appliation"
MND-1007379,Ticket,P3,206,"please note that your ticket has been assigned and we will check the your request and contact you if more clarification required from your side best regards ph_name team greetings please note that this requires an upgrade to the current environment available at ph_name bank kindly we need to begin upgrading the testing environment with a new build to test this new feature before moving to production best regards, ph_name team according to our phone call yesterday please download and copy the below ph_name release on the ph_name testing server and provide us remote session in order to complete deploy and define all required configurations to enable the lau ph_link we are waiting for bank feedback please note that we are waiting for bank feedback if the bank team completed downloading provided build and waiting for a remote session to deploy this build in the testing server please note that we still waiting for bank feedback if the release is downloaded in order to arrange for a remote session to deploy the release in the testing servers for bank validation as we discussed we will close this issue and the bank team will open a new ticket once the bank is ready to deploy provided release"
MND-1008592,Ticket,P3,22,we've connected and imported the new certificate for 'integration' and changes the ph_technical for both integration and ph_technical to the given ph_name
MND-1008678,Ticket,P2,329,"regards, ph_name team please provide us the request and response from ph_technical for this message as the flow is based upon it ph_user thank you for the details, we will check it also request you to provide the ph_technical table data for this ph_item thank you for the details if required, we ph_user ask you for some more data we have raised the case with ph_user currently and will share update at the earliest kindly request you send the integration logs with the ph_technical ph_technical for the ph_item that went to the wrong flow my apology if i was not clear but we need ph_technical integration logs that has the ph_technical ph_technical for this ph_item kindly connect to below zoom and connect us to application server so we can collect the logs ph_link kindly we are still waiting for integration logs thank you for the logs, also we the integration logs from tomcat which contains the ph_technical please thank you for the logs however we found that log level set to info so cannot find the root cause from it we need to trace the code so kindly request you to send us ph_technical from production application server from following path: ph_path kindly request you to share mentioned jar from production application server path: ph_path ph_technical as still we did not receive the jar file from production for confirmation, however, regarding the flow for the ph_items to reach to ta page kindly check below scenarios: in the ph_technical service there are 2 flows for the ph_item to go to the ph_technical page which are the following: ph_item accepted with ph_item amount ph_technical x amount (inward routing amount) ph_technical routing to tech approval ph_item rejected with ph_item amount ph_technical z amount (inward ph_technical rejected routing amount) ph_technical routing to tech approval hence, we don't have a specific business for the reason account closed to appear at ph_technical page kindly let us know if you have any further queries on this"
MND-1009396,Deployment,P2,47,"regards, ph_name team kindly note that we will be deploying the new version once we got confirmation and all the details needed please your confirmation along side with all the needed details ph_user kindly note that as per your last comment we will consider this ticket closed"
MND-1007408,Ticket,P3,406,"regards, ph_name team kindly be informed that this ticket has been assigned to you ph_user ph_user ph_user we want to check one recent case for this issue, kindly provide the ph_item details if any thank you greetings ph_user please provide ph_technical from old ph_technical and prod db the file is empty thanks we did comparison of some of the related procedures and ph_user services codes related to express ph_items grace period, and we did not find any major changes or no changes at all so, we request you to help us by trying to simulate the case in the old ph_user system, which will help us to know: if the scenario is there in new ph_user only or it is there in the old ph_user system as well if it is not there in the old ph_user , then we would be able to trace the modification ph_path applied for such cases looking forward for your feedback i will not be available today in the ph_technical half due to some urgent matter but my team will attend this meeting cc: ph_user , ph_user , ph_user we found similar case yesterday in the old ph_technical, so we requested ph_name to try to simulate the case, here is the one ph_item that we found in the old ph_technical, similar to the case: ph_technical to find the ph_items replied in the last moment in the old ph_technical ph_sql ph_technical ph_user ph_code if there is no such case in the old ph_technical , then yesterday ph_user , ph_user , and ph_user discussed about possible solution for this, and we propose the same to the ph_name as per the meeting request done yesterday, the meeting is scheduled for today at 3:30 pm we are investing the issue internally and update soon on this issue we tested following scenario in our test environment and it worked successfully: set the ph_technical parameter ph_technical to 0 in the ph_user and central database scan some ph_items in the express session and move to inward section reply these ph_items in the last minute of the reply time for the given express session check if the ph_items are ph_technical or ph_technical let us test this first in the ph_name test site if this is fine we can plan for the production kindly update the testing results of the same has been completed in the test site has the bank reported such issue again after applying the changes?"
MND-1008115,Ticket,P2,34,"regards, ph_name team kindly note that we will check this account and get back to you ph_user ph_user kindly note that the customer is active now please check please consider this ticket as closed"
MND-1008122,Deployment,P3,836,"best regards, ph_name team kindly share with us the meeting url and time noted and will attend at the same time kindly note as agreed over the call, that once the ldap password is ready we can arrange a visit to the site in order to complete ldap setup and configuration kindly note the password is received and will visit the site tomorrow to complete the activity kindly note during our visit today, that we check the connection for the ldap and it's reachable without issue and we apply the ldap ph_technical into ph_name security, we need your usual support to provide us with a client certificate that contains the common that matches the ldap url provided since the certificate provided is bank root certificate, in order to import it to the application certificate kindly this is a kind reminder if you got any updates for the below request kindly note the certificate shared is root and does not contain the common name for ldap url, kindly ask the global team to share the client certificate that contains a common name for the ldap url in order to import it to uat application servers kindly we are waiting you feedback kindly let us know if there is any update on the certificate kindly as informed over the phone, the provided certificate does not contain ldap url, please raise it with the team in order to provide us client certificate containing ldap url in order to import it on our current certificate kindly note as requested from ldap team, the logs is shared with them over email and we are waiting their feedback kindly note currently we connect to ldap and we pull the users, but there is no specific attribute for all users that use ph_name, so ph_name import all defined users, we recommend having a ph_user policy for all users are use ph_name and all user have membership of this ph_user bellow example of search filter: ph_technical kindly note this has been fixed and now we are connected successfully to ph_name ldap, but now ph_technical is pulled all ph_name users more than 250k+ users, what we recommend having a ph_user policy for all users are use ph_name and all users have membership of this ph_user please note that during today's remote session with your bank ldap team we tried to apply the below ph_technical but there are no users under this ou so as we agreed we will use the below entry as base users dn: also, your bank team will add all users should use the ph_name application as members of the ph_user policy and ph_name will add a custom filter to fetch only users who have attribute ph_technical this ph_user below suggest filter waiting bank ldap team confirmation or other suggestions, to provide us with the custom search filter that should be applied in ph_technical kindly note the bellow our reply is sent through email to ph_name in order to help us to create a ph_user kindly note that the only way to fetch specific user who will use ph_name by creating ph_user and add all users as membership of this ph_user as ph_technical , after this done we will add a custom filter in ph_name ldap configuration to fetch only the users have membership of this ph_user waiting for ph_name feedback kindly note we try to update the ldap configuration with the provided dn: ph_technical application groups,ph_technical applications,ph_technical,ph_technical,ph_technical it's not pulling any users, i will forward all configurations that we update today to ph_name from the ldap team in order to check it with him kindly note as agreed with ph_name from ldap team, we will going to do other sessions on monday kindly note we are waiting for ph_name from ldap team to confirm the new session to apply the bellow configuration into ph_technical ldap users dn: custom user ldap filter: kindly note as per our session today with the ldap team we pulled the created user ph_name from the ph_user, and as agreed assigned the pending users to this ph_user or to create new ph_user and assigned all required users on it in order to pull all of it, also below is the updated ldap configuration kindly we are waiting for your feedback kindly note the users are pulled successfully from ph_user, the below 3 users are pulled for your information ph_name ph_name ph_name the configuration is completed on uat site and waiting for the bank to finish the testing on the users in order to move it to the production site the activity is postponed until we get a new date from ph_name to apply it to production kindly note all the ldap configuration from ph_technical and application server is completed on the uat site, and now all the users are pulled from ldap, based on that we will consider this ticket is resolved and closed, please open a new ticket for the production site once bank team is agreed on the scheduled time to apply it on production"
MND-1005614,Ticket,P2,239,"regards, ph_name team kindly note that we will be checking this issue and will update you soonest we can ph_user kindly note that we will update you soonest we can regards this issue please note that we will update you soonest we can please note that the transaction configuration were updated in 5 ph_path , so the default value is to allow regional transfer please to check and monitor or perform the same transaction since the ph_technical flag set to be false for the sender and receiver profiles, please to check the transaction configuration before the update check screenshot attached please note that this is configuration done from your side, please check all the configuration and fix ph_path what needed in order to resolve the issue kindly note that we will inform the developer and update you, we already know that there is some latency in the tickets but we are working to patch and fix all the issues thanks for your understanding kindly note that we will update you in the upcoming working days about this issue kindly note that we have passed this issue to the developers and we will update you soonest kindly note that this is old transaction, so still the above customer able to transfer money on present time ph_technical kindly note that this is an old transaction, so still the above customer able to transfer money at the present time? please your updates"
MND-1009250,Ticket,P3,33,run the below sql statement in sequence ph_sql greetings kindly updates weather the workaround has been implemented we are proceeding towards closing this tickets do let me know if you have any concerns
MND-1005351,Ticket,P3,151,"regards, ph_name team please suggest a time to connect to check ph_user ph_user kind reminder greetings ph_user , please connect us to the issue we need to connect us to check please suggest a time to connect tomorrow to check this issue can you please try to upload the report please check if the issue is still we are waiting for your feedback we can connect on sunday at 10:00 am please suggest a time to connect tomorrow we can connect at 12:30 if you are available when can you connect ph_name ph_user i have another meeting at the same time confirmed please suggest a time to connect with each other to check the logs once ph_user generates the report please suggest a time to connect please suggest a time to connect us can we connect tomorrow at 9:00 please join: ph_link can you please join again in the same url"
MND-1007123,Ticket,P3,728,"regards, ph_name team please provided us with the output of the following statements from production ph_technical schema ph_technical ph_sql yes the schema is ph_technical from production please check these users instead, these are there names on test site which should be the same on production ph_technical please provide the requested result greetings and ph_user sorry the comment was intended for another email and not this ticket, my mistake when are you getting this issue on which page? could you please provide more information and screenshots of the link and page can you please check the same ph_item in archive system and give us your feedback can we close this ticket or do you still require our assistance? how did the user find the ph_item using the history report on archive? using ph_technical only or amount? please ask them to do the same on the ph_technical when trying to find the ph_item there under history query report ph_user please we need to check the logs for the error when the user searches for the ph_item its better to arrange this to check together with ph_technical ph_user and the bank team user i remember you told me you asked internally and got an answer about the meaning of the “out of bound exception : 99” java error if you have any more updates, details or answers please add them to the ticket any updates on this? do you need to connect with the bank? if so, please arrange the soonest for this greetings ph_user please can we connect today at 2 or tomorrow to check the logs together with ph_user we need to connect with your ph_technical team to investigate further as seems as the issue is caused by data related to the note related to the ph_items, so we need to compare with other ph_items that do not have the issue to solve it ph_user can we connect at 9:30 am please please note that i believe we identified the issue as it occurred before at a different bank and need to work on it together with your db team just to confirm it and to create the needed fix statements ph_user can we meet around 12 greetings if yes please send invite we are waiting for ph_name ph_technical team to further check the issue with them in the mean time can you re-produce the issue on the test site please so we can check better from our side also is this issue happening only on ph_items from ph_name ph_technical ph_technical as pay bank or other banks as well? ph_user ph_user ph_user please let us connect to production ph_technical check and prepare the fix please confirm to run the following modified statements to update ph_technical with ph_technical digits this is a workaround, please note that the issue is most likely fro m ph_technical sire on ph_name schema, we need to investigate further but for now below is the fix for the 3 ph_technical for ph_technical schema ph_sql for ph_technical please run below : as discussed in the email, this issue cannot be replicated on test site so it will be updated directly on production, please find the rollback below: for ph_technical schema ph_user to investigate the issue further we need the following information please from ph_technical, ph_technical and ph_technical schemas : any updates, as per our connection with ph_user and the email from ph_user , this has already been added to the ph_technical, i just wanted to add it to the ticket here for reference below is the final adjusted fix and rollback, please let us go forward to apply on production again, this cannot be simulated on test site: thank you, please provide the requested ph_technical and ph_technical from ph_name ph_name and central prod schemas so we can continue the investigations please check now with ph_name and let us know if you can see the ph_items with the problem thank you for letting us know and confirming that it is working now we will consider this ticket resolved and close it ph_user and ph_user please share the result with our ph_name team so we can check and fix the issue from ph_name side also please let us arrange to connect as this issue is also showing at another bank, and we already have a ticket open about that we can continue working on it on the other ticket"
MND-1005500,Ticket,P3,253,"regards, ph_name team we are waiting for the ph_user to provide us with the new release we will check internally and get back to you asap ph_user ph_user i sent a migration script by email, please suggest a time to connect to proceed it kind reminder we are waiting for your kind feedback the jars are already deployed on the test server, i just will copy them on the production and run the ph_technical script yes, first we run the ph_technical script with the test, after we test we can proceed with the prd please suggest a time to connect us confirmed as your request, we will re-initialize the database and the release ph_version has been successfully deployed with the test server, please update us once the testing is done to continue production, and please suggest a time on sunday to configure the ldap users please suggest a time to connect on sunday to proceed with it we can connect at 11:30 we are waiting for the ph_user lets connect next week to deploy the last release as you are saying that the issue ph_technical after deploying the current, to retry and importing users once again please suggest a time to connect according to our policy, we will close this ticket because of a lack of updates if you face any issues please open new one ph_user ph_name problem: update ph_technical ph_technical to latest release investigation and simulation: development agile related issue : solution: 1- did we resolve the problem and its symptoms?"
MND-1008131,Ticket,P2,49,kindly note that we will check this account and get back to you regards ph_user ph_user kindly note that this account is disable yesterday for the financial issue and you can ask ph_user for this case before active it again thank you and please consider this ticket as closed
MND-1007811,Ticket,P3,49,"best regards, as discussed, you need to reset passwords for master and checker users, please provide us webex support session best regards, ph_name team kindly note that after we connected to the session we changed the passwords for both user maker and checker, and we will close the ticket"
MND-1008458,Ticket,P3,24,"please note that the issue is fixed on android, please check and advise please check with the customer in order to close the ticket"
MND-1007718,Ticket,P3,11,please share this change as a ph_technical in a separate email
MND-1008489,Ticket,P3,47,"please join the below zoom room1 ph_link best regards, ph_user ph_user as per our remote session today, we moved the ph_item to manual clearing 1 please revert back if anything further is needed br, no further action is pending from our side, please consider this ticket closed"
MND-1007685,Ticket,P3,82,"please share your availability to do the ph_technical visit for ph_name environment regards, ph_user ph_technical thanks for your time during the ph_technical visit, please find the report in the attachment as we noticed a high utilization for application servers resources (ram and cpu) we highly recommend to plan for a scheduled restart for the servers (servers up since over a half of a year) we will consider this ticket as closed and you can contact us if any further assistant is needed"
MND-1006548,Ticket,P3,290,"kindly note that your ticket has been assigned regards, ph_name team greetings kindly note that the report shared with our security team we'll contact you if more detailed required from your side regards, ph_user greetings after going through the list of finding , please find the below possible ph_name attack tlsv1.0 and tlsv1.1 in use: tls1.2 is enabled and the previous generation disabled concurrent active sessions per user must be limited (as per the bank proof of concept the wanted to allow only 1 session: this is done from our side and it was set ssl certificate expiry: already new generated by the bank-side and we are using it tls ph_path server is vulnerable to the beast attack, enable ""tlsv1.2 and tlsv1.3"" enable only strong ciphers: tlsv1.2 and tlsv1.3 are already enabled and strong ciphers were added by us upgrade the key pair to ph_technical bit: already upgraded by the bank-side and its 2048 bit we're waiting the ph_user to update us regarding the remaining findings regards, ph_user greetings please note that our dev team still working on it and there's some findings to be fixed on separate fix, i'll keep you updated once they finished kindly note that the dev will finish it on this week, we'll keep you updated kindly find attached release notes for the release 5.187.74 for you reference please note that the release was deployed on test environment, please start testing the new release and validate the ports kindly update us if anything else needed from our-side kindly note that we're waiting your feedback regarding the test result regards, ph_name team greetings thank you for your kind feedback, we will consider this ticket as closed if you require any further information, please let me know"
MND-1010151,Ticket,P1,287,"best regards, ph_name team with reference to our connection yesterday: we have performed full investigation of the system and all components that might contribute not to have the system processing inward files final finding was that files which contains transactions that are considered stp (value ph_technical ph_technical ph_technical based on stp rules) hold the system while trying to communicate with core banking system restarting system and reset for webservice on core banking system side doesnt help actions we took and next steps: 1- we have disabled the stp role and now all transactions are processed as non-stp ph_name team will need to process these transactions manually on core banking system as we agreed 2- ph_name team confirmed to have the role as its now (with no stp processing) until they finish end of month traffic 3- ph_name to develop a fix which will include more logs on the communication with core banking and not to allow system to hand on one transaction if communication with core banking is not initiated eta for fix to be ready is by end of day thursday 1.12.2022 4- ph_name will try to help ph_name to investigate network level traffic when calling core banking webservice using sniffing tool (ph_technical) once the fix is ready thanks ph_user while customer is testing the test we applied on test environment they faced issue when scanning ph_items this issue has been fixed by ph_user and new build is released and deployed again today on test server the initial plan is to go live with current build on tuesday at 21:00 performance improvement build has been deployed successfully on production and as you have confirmed performance improvement has been successful we will proceed to close this case"
MND-1008502,Ticket,P3,213,"kindly note that your ticket has been assigned and will contact you shortly regards, ph_name team kindly note that this issue is under technical investigation and will update you soonest issue opened for development ph_link ph_user ph_user could you please provide us with ph_user logs from ph_name application server under ph_technical ph_path for the date of failure thanks for sharing the logs could you please provide the result of below query when run on security schema: ph_sql waiting your feedback after checking this issue, we found that there is a modification occurred for the user on ldap, and ph_name not accepting modification to solve this issue permanently, we need run the following as below: on test environment, run on ph_technical schema on production environment, ph_technical security schema create or replace trigger ph_technical before update of enabled on realm for each row declare ph_sql ph_technical waiting your feedback if more assistance required from our side kindly update us if the below queries ran successfully in order to resolve this issue as our connection, the ph_technical script has been applied successfully please update us if the users have been modified successfully thanks for your ph_technical response we will proceed with closing this issue and you can open it again in the future if you face"
MND-1004985,Ticket,P3,251,"regards, ph_name team as discussed , we will check internally and update you soon on this thank you ph_user as we checked the ph_technical archive process on ph_technical feb ph_technical, the archive process of the missing data was running smoothly and it has finished archiving till ph_technical march, 2021 and since the regular archiving job is stopped so the archiving of data after from nov ph_technical is stopped for the deletion job, it has been stopped since long time for ph_technical and as we discussed internally, we suggest to start the ph_technical cleanup job for data deletion, and it is completely safe to start and run the cleanup job since it will delete only the archived data kindly let us know if you have any concerns the cleanup job for ph_technical is started, let us keep monitoring the cleanup process please update us the current status ph_technical cleanup error: ph_logs verify and delete data from the child table delete ph_technical ph_sql let us keep monitoring let us meet your convenient time to check on this let us try to connect today as we connected today and checked the cleanup status: the cleanup job is running among the mentioned exceptions, only “ ph_logs we will further keep monitoring the cleanup job kindly update us on the deletion job status as discussed, kindly monitor the cleanup job regularly to keep it smooth and running and for the cleanup exception we can discuss in other ticket the ticket will be closed by this week"
MND-1008512,Ticket,P1,57,"regards, ph_name team please check the below comment from ph_user , the pending payments are now reduced and solved, please check and advise in order to close the ticket ph_user kindly note that as per your last comment we will consider this ticket closed, and you can re-open the ticket in case you faced the same issue"
MND-1008517,Ticket,P3,56,"regards, ph_name team dears, kindly note that there are two ph_items stuck on page “special queue” they could not reject these ph_items because the return reasons are disabled so based on the bank confirmation we add the reason “27” using the database then the bank reject the two ph_items from the application with the normal workflow"
MND-1007835,Ticket,P3,102,"please note that your ticket has been assigned and we will contact you shortly best regards ph_name team please provide us the screenshot from modules ph_technical ph_technical – after applying filter transaction reference ph_technical modules ph_technical communication – bank – after applying filter transaction reference ph_technical ph_technical waiting for your feedback please note that after we connected and doubled check this ph_user we found that this ph_user was created manually from the system send this ph_user to ph_technical successfully, please refer to the attached screenshot waiting for bank feedback if more assistance from our side or please allow to close this ticket"
MND-1008526,Deployment,P1,40,"kindly note that we have successfully upgraded the ph_technical version from (ph_version) to (ph_version) over production nodes, please keep the system under monitoring and you can open a new ticket if you need anything we will consider this ticket closed"
MND-1007261,Ticket,P2,762,"the ticket is acknowledged , we will update you soon regarding the issue thank you ph_user as we checked the issue from our side, the ph_item cycle sequence is ph_technical since the ph_technical fields are changed for the given ph_item at the inward clearing pages so, the ph_item cycle changing in such scenario is system's normal flow as discussed in the meeting , please disable editable option for ph_technical ph_technical and ph_technical code in the ph_technical pages, by running following ph_sql after applying the above changes, kindly monitor if the issue happens again thank you for the update, let us know if face the issue again after the changes please let us know if the issue has reoccurred after disabling the inward edit parameters as discussed in meeting , the issue is still there even after disabling the inward edit parameters in the ph_technical as discussed yesterday in the meeting, the workaround to avoid the change of ph_technical ph_technical no is to update the following package, ph_technical changes: for the following two procedures: 1 ph_technical 1.1 add extra condition in the where clause: and ph_technical 1.2 change the error code to : ph_user ph_technical 2 2.1 add extra condition in the where clause: and ph_technical 2.2 change the error code to : ph_user ph_technical during the meeting we tested the changes in the uat site kindly plan to implement in the production as well let us know for any kind of query also as discussed and tested, we need to change the message appearing the dialogue box when the ph_technical ph_technical no update fails, as below: please clear the cache after above changes kindly update if the modified ph_technical has been implemented in the production as discussed , the procedure still not updated in the production kindly update us once done from your end this message is due to the changes done in the ph_technical , to avoid auto or human updates in the ph_item ph_technical number so, the fix is avoiding the auto changes to occur if users are not able to approve due to this, they can try refreshing the page or navigate to other pages and then come back to this page again and try the action next, they can try from the grid view as well this is a separate issue , we will discuss this is separate ticket please check we are getting this alert even when user is not doing any changes , they are ph_technical clicking on approve button ph_technical please ph_technical us know in which page excatly do we face this issue? is it technical clearing page? or in all inward pages? please check in the application logs ph_path message logs if there are exceptions with keyword: ph_user ph_technical could you please send us the logs from the two more servers, for checking purpose, if all are the same or different case could we connect now to check the logs together thank you for the logs, we will further discuss on this and let you know for more debugging purpose please do the following changes: 1.1 replace ph_technical with ph_technical ph_technical to 2.1 replace ph_technical with ph_technical ph_technical after the change please compile the package successfully and kindly whenever the issue occurs get us the ph_technical, along with the snap shot of the page with ph_technical shown kindly update if the following changes has been applied in the production once implemented please provide us the following when issue happend: the ph_technical, along with the snap shot of the page with ph_technical shown ph_user application logs please apply the attached ph_technical issue still under investigation kindly provide following details: can you please arrange a screenshot from the technical clearing screen of this user: ph_user ph_user we have doubts that a scrip ph_user cause ph_technical to be editable at this client machine and output of : ph_sql as we discussed internally for the issue, we need to connect together along with the ph_user when the issues occurs so,kindly let us know once the bank reports the issue so that we could check the issue live kindly update if we could connect to the bank when the issue happens kindly provide following files from production : thank you for the files kindly find the updated attached file (ph_file), implement the file in the path : ph_technical ph_path ph_technical and check if the issue occurs again the issue with ph_file is being handled through different ticket kindly let us know if the issue (dialogue box appearing related to ph_technical update) has reoccurred after application of the file ph_file"
MND-1007991,Ticket,P2,64,"best regards, ph_name please provide us with the usernames that you want to add and the privileges that we should give it to those users as per your request, the required access has been given to the below users: i ph_user 2.n.asak please share with them the passwords and make sure to ask the users to change their passwords after logging into their accounts"
MND-1009500,Ticket,P1,31,"regards, ph_name team greetings please note that this issue was solved by updating the parameter (ph_technical) on the database, so can you please test it and confirm to close this ticket?"
MND-1007853,Ticket,P3,38,this error is clear and it means that same mobile number is used by another customer with another id so if your customer is the owner please report the case to ph_name ph_technical team to resolve your case
MND-1007932,Ticket,P2,182,"kindly note the following as per our session today, the certificate is in ph_path is being hosted on tomcat for port ph_technical, noting that loadbalancer ph_ip_address is connected to this port as per the network chart for the application, we found the mentioned certificate to be expired, please note the certificate needs to be renewed as its for the ph_name ph_technical hosted by ph_technical which ph_technical parties are connecting to, furthermore kindly check the configuration for ph_technical ph_ip_address as if it is offloading the certificate it needs to be renewed and uploaded there as well, for replacing the certificate with the new pfx kindly following these steps, 1- renew the pfx with the same information and preferably the same password ( if password is changed edit the password in ph_path next to the certificate store) 2- rename the old pfx with ph_technical 3- place the new pfx as ph_technical ph_path 4- shutdown the tomcat by running the ph_technical ph_path 5- verify tomcat process is dead ph_technical 7- run startup.sh ph_name team kindly note this activity is done on production and applied, beat"
MND-1008003,Ticket,P1,22,"regards, ph_name team please join the below session: ph_link ph_user please note that the ph_items have been transferred to the requested stage"
MND-1010541,Ticket,P1,285,"best regards, ph_name team kindly note that we will check this issue and update you soonest regards, ph_user kindly note that we have passed the issue to our developers, we will update you once we have any updates from them kindly note that the issue is still under development, as per our developer's request can they get the device's android version please, it ph_user help noted, we will pass this information on to our developer as per our developer's request can they get the device's android version please, it ph_user help kindly provide your update kindly note that we have passed the info to our developers, we will update you as soon as we have any update from the developers as per our developer feedback: the issue here is that google has updated the permission policy for android ph_technical and later, and they need to update their permission handling methods to handle the new change in google the case appeared on the emulator android ph_technical, and now they working on it also, for the specific scenario to produce the case, i will see our developer and update you kindly find the below ph_name android customer app connected to the uat android - customer ph_link version name ph_technical and as per our developer feedback, test the case on android ph_technical and also make sure it's still working on any other older version please check and advise kindly update us on the ticket noted, waiting for your update in order to close the ticket kindly update us, if the app is published and the issue is resolved in order to close the ticket kindly note that as per your last comment, we will consider this ticket closed"
MND-1007957,Ticket,P3,129,"please note that your ticket has been assigned and provide us a screenshot from the pay customer information tab to check the response returned from the bank core banking system best regards ph_name team please note that we are waiting for the bank's feedback in order to check this issue during our remote connection, we double-check the request and response for the po account information message and we found the response returned from bank integration with ph_code and according to approved srs if the customer information response returned with ph_technical the user will not allow approving the ph_items only the reject button will be enabled according to this normal behavior on ph_name and please allow us to close this ticket if no more assistance is required from our side"
MND-1007975,Ticket,P2,124,"regards, ph_name team kindly note that we will be checking this issue and we will update you soonest ph_user kindly note that as per our call with ph_user ph_user we will be deleting the customer direct from ph_technical, please grant us access to production in order to delete the customer kindly note that there is an issue with workflow in this customer and in order to delete it we need to restore the workflow to make the actions appear again kindly note that the customer was deleted successfully, please check and advise in order to close the ticket please note that as per your last comment we will consider this ticket closed and you can re-open it in case you faced the same issue"
MND-1004440,Ticket,P3,1016,"regards, ph_name team we will check with our ph_user and get back to you ph_user ph_user we are checking the issue internally and will get back to you as soon as possible ph_user please note that we need to connect to check the issue as we need to import from ph_technical the ph_technical urgency and and import them to archive db please suggest a time ph_path to do so, we can check other archive issues on the same day ph_path please run the following insert statements to archive schemas below to add the ph_technical urgency, once done we might need to restart the archive tomcat ph_technical ph_sql ph_sql please find below rollback script that needs to be run on all schemas below: ph_sql can you provide the following to check the columns in the table in ph_technical schema what about other schemas? did the insert statements run successfully? yes, looks like that there is a difference between archive release version and ph_user where you able to run the other insert command on table ph_technical anyway please run the below instead on all arch schemas below as far as i know there is no test for archive, but on test ph_technical i do see the ph_technical schema but cannot login to it, please check password and reset or unlock it please also please provide the following please use this insert statement on all archive schemas on table ph_technical once done we can check the site, we ph_user need to restart the archive tomcat on archive application server please check now if the urgency shows, please make sure to close all ie windows before trying then login to archive and test please we might need to restart the archive tomcat for this to take effect your kind feedback please please run the following on all archive schemas rollback is as below noting that this was run previously: please check afterwards and give us your kind feedback greetings and ph_user please check and give us your kind feedback after clearing the cache and restarting the archive are you able to check this? if not or if you are still seeing the urgency after restarting ph_path cache, the other alternative is to delete the unused urgency ‘special’ if you would like to go ahead with completely removing it from the system please let us know and we can provide the statements, you can provide access ph_technical using ph_user and root users to a new user to be able to clear the cache if you don't have access to ph_user or root users then i suggest we go ahead with the deletion option, besides we did a restart yesterday to the system so please check now if the ‘special’ urgency is not showing please note that if flushing the cache is not working our best option will be to delete the ‘special’ urgency from the ph_technical please let us know to proceed, we can provide the statement and rollback as well as needed and connect with your ph_technical team to make sure it is working as needed will check with our ph_technical team and get back to you, but there should be no issue with removing it from ph_technical as it is not used to begin with after checking with our ph_technical team on the version that you have for archive, the solution is to remove the unused urgency ph_user please note that we need to connect to the ph_technical to double check to make sure that there are no ph_items archived with this urgency before providing delete statements, please suggest a time to connect tomorrow sunday ph_user 8 ph_technical to check what is needed below let us arrange to connect sunday and work on this issue at ph_technical am thank you for your connection today as for the urgency, we checked the current archive and ph_technical and the ‘special’ urgency is not used in production the urgency only exists in the ph_technical schema and is safe to be deleted as it is not used at all even in production please find below the delete commands and rollback to run on all these schemas: rollback is as below : ph_technical this urgency will not show up on all schemas as per our connection, so it is ok if the result is 0 rows deleted your kind feedback on this please, when are you looking to apply this? if you need anything from our side or for us to join you when applying the ph_technical please let us arrange for that any updates on this please? was the delete don on this schema as requested in previous comments? please proceed with getting the needed approvals if not yet requested we need to connect to the application server to verify the used ph_technical schemas and apply the statements sent before accordingly can we connect at 9:30 please greetings ph_user ph_user please suggest a time to check tomorrow or next week we need to connect to check and create the script as we do not have access and do not know the exact name of the schemas please find below the delete commands to run on all these schemas: rollback can be created once checked by your side please : for creating the rollback please provide us with the following from any of the schemas then we can select the needed to create the insert statement (we ph_user need to connect to work on writing the rollback statements together please find below the updated fix and rollback: rollback : please find below i prefer we run these together please since we do not have access to the archive ph_technical just to double check before running please provide us with the following to create the rollback from all schemas: please find the fix and roll back bellow: fix: please provide your kind feedback, was this run on the archive db? if yes, please let us know so we can check with the application team and close this issue can we close this ticket please? as discussed we will consider this ticket resolved and close it"
MND-1008968,Deployment,P2,146,"kindly provide the release url regards, ph_user please note that we are waiting for the developer to prepare the artifacts and once done we will deploy it please note that we have deployed the new middleware over port: 5142 please let the customer know and update us if anything is needed please note that we have deployed the new ph_name ph_technical to uat, not production please note that we have resolved the ph_name issue, please test again and update us in order to close the ticket please confirm on the below production ph_technical, and once confirmed we will start deploying the new middleware ph_technical please note that the new ph_name middleware is now deployed over production, you can find below the full url to be used on the biller service management: ph_link kindly note that as per your confirmation below we will consider this ticket closed"
MND-1008940,Ticket,P1,70,"kindly note that we will check this issue and update you soonest regards, ph_user edit icon is now available on the required transaction configuration , please check and advise in order to close the ticket kindly note that we will close this ticket since the edit button appeared on the required transaction configuration please feel free to open a new ticket at any time if you still need our help"
MND-1009279,Ticket,P2,44,"kindly note that closing an existing customer wallet should be done by ph_user business team through the ph_technical ph_user ph_user , as we are not authorized to do it by ourselves please let us know in case they faced any issues closing those wallets"
MND-1009151,Ticket,P3,257,"regards, ph_name team per our last call, we will check the issue with our ph_user and get back to you asap best regards, ph_user ph_user kindly note that i uploaded the zip file named ph_file we need to apply it first to the test environment and then to the production site so we need your kind support to download it and then connect with you could you please join on the below webex link to apply it : ph_link ph_path ph_technical webex o a kind reminder best regards, per our last call, we will reconnect again after 1 hour because you have an internet issue at the bank we are connecting now ph_technical, ph_user ph_user per our last connection, the fix was applied successfully on the test site, so please test it and provide feedback for us to reflect it on the production site kind regards, could you please join on the below webex link to apply the fix to the production : ph_link ph_technical, looping ph_user kindly note that the fix was applied successfully on the ph_user production for the primary app server and standby, so we need your kind support to test it and get feedback also, we need to apply it on the dr server app and ph_name test servers br, could you please join on the below webex link to apply the fix on dr and ph_name test environment: ph_link kindly no te that we will close the ticket at the end of today since no further support is needed from our side"
MND-1009052,Ticket,P3,76,"we will start investigating on this and will keep you posted regards, ph_user we received the clean message for this ph_user from the ph_technical application but it didn't reflected on the ph_user since we had two payments with same transaction id, ph_name teams should not generate multiple payments with same id and they are updated for this case we will consider this ticket as solved and you can contact us if any further assistant is needed"
MND-1006097,Ticket,P2,98,"regards, ph_name team we will check and get back to you asap ph_user ph_user we checked the status for ph_name currently used schema and the jobs are working with no issues as stated in the error you sent this is probably for an older schema ph_technical please check if this schema exists or in use i think this is from the older schemas and not used anymore we will close this ticket we are waiting for your kind feedback kind reminder this old schema is not used and you look with ph_user of the solution dropped the schema"
MND-1008228,Ticket,P3,76,"deaf ph_user kindly note that we will check your request and get back to you regards ph_user greetings please note that we have passed this request to the developers and we will update you soonest please is there any update with the dev team? ph_user and ph_user , please we need a description of the ph_technical in order to provide it to the developers as per their request please we need any update regarding this ticket"
MND-1008309,Ticket,P1,25,"regards, ph_name team greetings ph_user , please join the below session: ph_link ph_user please note that the ph_item has been transferred to the requested stage"
MND-1006015,Ticket,P3,325,"we are working on it, once found the cause we will update you regards, ph_user ph_user mail conversation: ph_user tue 4 6:02 pm while investigating the issue we notice that ph_items are not being archived from ph_technical due to that bank user being unable to see the ph_items on archive on further investigation we found that ph_technical sender is unable to communicate with the ph_technical receiver to establish the communication please open the port ph_technical on server ph_ip_address here i have attached the snapshot for your reference please let us know if you have any questions or concerns we are still working on it we are still working on this issue while investigating the issue we found that there is a partial deletion of ph_items so, we have requested the dba team to assist us in this issue we are preparing a script to migrate partially deleted ph_items from inward table to outward table we are doing test of migration script we have migrated one of the ph_item from outward table to inward table and requested client to check the ph_item from archive application kindly update us if there is any update from ph_name mail response from client: ph_technical apologies for the late reply seems we are now able to view ph_item images for ph_items presented in 2021 many thanks and best regards, ph_technical ph_user barra centralised ph_user supervisor centralised ph_user business ph_user t : (ph_technical) ph_technical ph_technical | ph_technical (ph_technical) ph_technical ph_technical we have successfully migrated all the ph_item to archive server so, we will be closing this ticket for now as there is no further action required please feel free to contact us if you have any query migration steps from inward table to outward table: first we need to create a table where ph_item ph_technical will be inserted which are not in outward table - ph_sql after creating ph_technical table we will execute below query to insert the ph_items in outward table"
MND-1009149,Ticket,P2,18,"regards, ph_name team ph_item has been updated to technical clearing , we will consider this ticket as closed"
MND-1005731,Ticket,P3,295,"we are still working on it regards, ph_user ph_user ph_user are working on it, once got update we will implement solution in production development teams are still working on this issue we have received the new jar from ph_user , now we are testing the new jar in uat mail conversation: ph_technical greetings ph_email_thread ph_user please take note of the below and advise accordingly thanks and regards, ph_technicals ph_user ph_user ph_info_table website: www.cbs.sc the information transmitted, including attachments, is intended only for the person(s) or entity to which it is ph_technical and ph_user contain confidential and ph_path privileged material this email has been scanned by the ph_technical email security system ( ph_link ) this email originates from outside the organisation please forward suspicious email to itsupport ph_user .sc ph_user ph_user ph_code greetings we are investigating the issue to find the root cause and according to developer he has requested the logs at the time of issue occurs for this kindly inform us at the time of issue occurs so that we can collect logs and analyze it and also provide us the screenshot of page when error arises with its url further, we had suggested to delete the ph_technical folder to resolved the issue in temporary basis before so, for now, please do not delete the ph_technical folder until we collect the logs kind regards, ph_user ph_user we are working with developers to create the index to enhance the performance once created we will test it in uat waiting for the developer to verify the created index we are trying to replicate the slowness in uat we are closing this ticket as client have created another ticket for the same issue and we will continue on that ticket below is the url of another ticket"
MND-1010418,Ticket,P2,69,"sine the issue solved temporary we will check the same on your uat environment first to identify the exact root cause regards, ph_user let us have a meeting today at 13:30 to add configuration on uat environment for the same please confirm to share the webex link please join here ph_link as confirmed issue is fixed now so we will consider this issue resolved and it will be closed"
MND-1008360,Ticket,P3,122,"regards, ph_technical helpdesk team we have similar case right now, and based on that we will apply the fix on both we have sent an email to ph_name dba team, but no response until now under thread ph_technical please following up ph_user , as per our last meeting we have done the fix on production site we will consider this issue as resolved and close the ticket please let us know if you have any concerns problem: the ph_item has been returned : please note ph_name ph_technical no ph_technical investigation and simulation: development agile related issue : solution: execute these statements: for ph_technical schema ph_sql ph_sql for ph_technical please run below : rollback: 1- did we resolve the problem and its symptoms?"
MND-1010423,Ticket,P2,26,kindly note that after our connection today we deploy the new certificate on the two ph_user nodes we use the certificate in the below steps: ph_technical
MND-1008856,Ticket,P3,176,"regards, ph_name team noted we will check that as ph_user on the email, for the last issue please use ph_technical ph_path instead sorry for inconsistency ph_technical release (ph_version-beta) email thread for the reference can you provide me with the jar name ph_technical for double checking kindly note this ticket will be open until they finish testing with the new version, and it will be closed by a request from their side regarding “the age for the minor as ph_technical or ph_technical will be configurable in ph_technical system”, this will be added to the next release kindly note that this ticket is opened for the current and the future opened issues in the ph_item ph_user , and this ticket was opened for the reference so we will update this ticket when ph_name finish testing after the ph_user fix all opened issues and when they confirm that there is nothing prevents this from going to production an updated ticket has been opened instead of this one after going live with ph_version: ph_link therefor, we will close this one"
MND-1009484,Ticket,P2,35,kindly note that we will check this account and get back to you regards ph_user ph_user kindly note that the customer is register as default account now please check please consider this ticket as closed
MND-1008307,Ticket,P2,72,"regards, ph_name team kindly be informed that this ticket has been assigned to you regards, ph_user ph_user ph_user ph_user please check the request and response for the failed transaction: request : ph_code response : kindly for any further issues check all the details related before opening any ticket also, please advise so we can close the ticket ph_user and ph_user , kindly check this issue ph_user please is there are any updates?"
MND-1008420,Ticket,P3,164,"please join the zoom meeting room 5 br, as per our discussion and investigation yesterday, the ph_item was manually altered by you in the ph_technical which caused it to become in the wrong workflow moving forward, we will need to modify the ph_item manually through the db please let me know how you would like to move forward as per the workflow, a ph_item that is rejected from technical clearing for a data entry mistake can only go to rejected maker page and not manual clearing manual clearing is only for ph_items that failed in the normal debit service if you would like for me to move the ph_item to the rejected 1 page, please connect me through zoom room5 as per our remote session today, we moved the ph_item to manual clearing 1 as the user needed to change the rejection reason please revert back if anything further is needed no further action is pending from our side please consider this ticket closed"
MND-1009463,Ticket,P1,26,"regards, ph_name team following our remote connection issue has been resolved by updating the address field on ph_technical table we will proceed to close this case"
MND-1008440,Ticket,P2,107,"regards, ph_name team greetings it is acknowledged regards ph_user greetings please kindly join at ph_link so that we can look into the issue best regards, ph_user it is found that ph_technical ph_technical files are still unprocessed at ph_technical side due to which this issue was reported client has contacted ph_technical stating same and we are waiting for the feedback and processing of the ph_technical files during our session, it was confirmed that the issue was at ph_technical side and later all the ph_technical ph_items were processed successfully hence, we are closing this ticket and if you encounter any further issue, please feel free to write us back"
MND-1009107,Ticket,P2,76,"regards, ph_name team do the ph_item and batch scanned today? ph_user please ask the user to re-scan the ph_item and upload it again please join the below session: ph_link i have waited for more than 1 hour, no one has participated please note that the error is because the batch has been deleted from the scan monitor by another user, and the ph_item has been stuck there because the ph_item has been presented and replied accepted"
MND-1007010,Ticket,P3,533,"kindly note that we will be checking this issue and update you, also, please provide us all the network statistics on the same indecent time and update the ticket with it regards, ph_user kindly we need all the network reads from ph_name and ph_technical systems also, we didn't find the root cause of the issue, based on that and as a precaution procedure we switched ph_name to work in tcp ph_path mode instead of multicast note: please note, there was a problem with the max threads in the server at incident time, please check and update please keep the system under monitoring and update us the sessions as you ph_technical was under normal, and we know that after ph_name restart the system back normal as my last comment, there was an issue with the threads in the server, and the ph_name was unable to start any, and as a p precaution procedure we switched ph_name to work in tcp ph_path mode instead of multicast there is nothing to do from our side now except monitoring the system, as we dont know the root cause of the issue kindly note that after applying the changes on the production, we did not faced any blocking or abnormal behavior, please your update please is there are any updates? please use the sql tuning advisor on the below sql statement and update us also, we have passed this sql to the developers and they will update us soonest note: sql tuning script attached please change the sql id in the script for any sql id in your valid ph_technical report! please note that the block is mixed between network and server side issues the sessions as you ph_technical was under normal, and we know that after ph_name restart the system back normal, there was an issue with the threads in the server, and the ph_name was unable to start any new thread also, as a precaution procedure we switched ph_name to work in tcp ph_path mode instead of multicast for the ph_name launcher as for the blocking from the update query you mentioned below, as for now its normal but we have passed this sql query to the developers to check it and we will update you if we have any updates regards the same for now, there is nothing to do from our side except monitoring the system, as we dont know the root cause of the issue yet! please note that we will update you once we have any updates also, the issue is not persist, please update us on the status of the system please note that we have passed this issue to the developers and we will discuss it and update you soonest kindly note that the issue is not persist, please update us on the status of the system kindly note that the issue does not persist, please update us on the status of the system kindly note that the issue does not persist, please update us on the status of the system status in order to close the ticket, since we had new ph_name release in septemper kindly note that based on your last confirmation we will consider this ticket closed"
MND-1008580,Ticket,P1,48,"regards, ph_name team as per the call with ph_user , kindly be informed that this ticket has been assigned to you ph_user greetings ph_user , please join the below session: ph_link please note that the ph_item has been processed, the issue is related to changing the branch code"
MND-1009437,Ticket,P3,54,"kindly note that your ticket is assigned for ph_name security management, you ph_user login to ph_name security ph_user where you can list ph_path any of the users listed regards, ph_user please advise if any further assistance is required on this ticket otherwise, we will consider it as resolved and will proceed in closing it"
MND-1009017,Ticket,P3,91,"regards, ph_name team acknowledged and will contact you as soon as possible kindly run the below script , test it and move it to production after confirming in uat: ph_sql rem inserting into ph_technical ph_sql ph_sql ph_user kindly let me know if the script is working fine , and let me know if you need any further support regarding this issue greetings as per your confirmation via whatsapp this issue has been resolved hence, we are closing this ticket if you face any issue, please feel free to write us back"
MND-1009543,Ticket,P3,205,"regards, ph_name team we will check and get back to you asap! this issue opened to our dev team, we will get back to you asap! under our dev investigation! still, this issue is under our dev investigation, once we have an update; we will inform you! the issue is still under our dev investigation! sorry for being late but our ph_user is working on this issue and we will get back to you asap still under dev i'll contact dev internally regarding this! still we're waiting ph_user to check from his side! i just contacted ph_user , and he put this issue into his plan for this month our dev is working on this issue, and we will get back to you asap dev team is working on it, to find a way to replace the double quotes, am following up with them! kindly note that the issue is still under validation, we will get back to you asap! still no updates from dev, i'll try to reach them! as informed by dev, they are working on it now! kindly note that this issue will be closed, since it will be solved in ph_name live, where all branch names will be changed during live"
MND-1009540,Ticket,P1,21,"regards, ph_name team greetings ph_user , please join the below session: ph_link ph_user please note that the files have been processed"
MND-1009744,Ticket,P2,32,kindly note that we will check this account and get back to you regards ph_user ph_user kindly note that the customer mobile deleted now please check please consider this ticket as closed
MND-1009127,Ticket,P1,82,"please note that your ticket has been assigned and we will contact you shortly best regards ph_name team please be aware that we discovered there was a network connection problem between the middleware and ph_technical after connecting to the remote session and checking the integration logs, as evidenced by the following error: ph_code as you mention you will check and update us, waiting for your update please note that this ticket will be closed since there is no action from our side"
MND-1010426,Ticket,P3,66,ph_user ph_user kindly find the request and response of the rejection reason “ph_technical” it's ph_technical for you banking system and the businesses of the bank consist that the integration (ph_technical) changing the reason code based on the “ph_technical” response even though the technical user change it ph_code best regards ph_user ph_user ph_user greetings kindly find the log record shows the last create user ph_technical ph_name team
MND-1009057,Ticket,P2,19,"regards, ph_name team we will check the issue during our current connection ph_user ph_technical the issue has been solved"
MND-1007511,Ticket,P3,337,"kindly check the attached file regards greetings any updates? best regards, ph_user ph_user greetings could you please update us on this ticket ph_technical regards, ph_user ph_user greetings could you please update us on this ticket ? kindly note that if you don't give us any feedback after one week from today, we'll consider this ticket closed kindly note that the attached vulnerability recommends the following points: 1 upgrading the apache tomcat version 9 to the latest (v9.0.65) over the installed version (v9.0.60) based on that, i attached the new tomcat ( please download it on the application server) ph_technical integer overflow vulnerability the customers are advised to upgrade to ph_technical 8.1 ( this can check by ph_name team) ph_technical privilege escalation vulnerability the customers are advised to upgrade to ph_technical 8.8 ( this can check by ph_name team) also, please inform us once you finish point 1 take a backup for the all wars inside the old tomcat ph_path copy all wars inside new tomcat ph_path copy and modify ph_technical ph_path files ( ph_technical , ssl certificate if exist, etc.) modify ph_technical in the profile to the new tomcat please check the below downtime and rollback procedure: - tomcat downtime : 1 h at most - rollback procedure: we will not modify old tomcat so it will be ready in case of a rollback could you please update us on this ticket ph_technical greetings confirmed please inform us when we have a connection to upgrade tomcat to version 9.0.67 per our last connection with ph_user , kindly note that the tomcat for archive application has been upgraded to ph_version awaiting your feedback from the business team kindly note that for the first note we have already discussed it before and there is a ticket (ph_technical) closed also, for the second note, the ph_technical account filter on the history query should be exactly matched kindly no te that we will close the ticket at the end of this week since no further support is needed from our side"
MND-1004437,Deployment,P3,689,"kindly note that we are connecting now on the test server by team viewer with ph_user in order to download the oracle database ph_technical and we will update you on the below ticket best regards, greetings kindly note that the database was successfully installed, the next step we will deploy the tomcat and ph_technical scripts kindly note we have finished test site includes the below: - install oracle 12c - prepare the profiles for ph_user , ph_technical and cen - deploy database scripts and tomcat - deploy test new scan using the ph_technical jar file - configure the service for ph_technical, central, bank2 - doing a full cycle from ph_technical to the pay bank and vice versa the next step is deploying a live scan in the bank using an image service thanks, ph_user ph_user per our last connection, kindly note that the new version of the imaging services is installed and it's not working well with ph_technical, so we will check it internally and get back to you soon in addition, we took a full dump for production in order to apply the migration scripts best regards, ph_user ph_user - deploy database scripts and tomcat for latest ph_name release ph_version - test new scan page ph_version from ph_user side only the next step are configure the services and test scan page from ph_technical side please note that we have completed last week the deployment of ph_name new release (ph_version) on ph_technical bank’s test site: drop the old schema and delete the old wars deploy database script and compile the invalid object deploy the tomcats ( ph_user , ph_technical , ph_technical) for the latest ph_name (ph_version) deploy the services(v1.2.4) deploy and test the new scan page (ph_version) with a real scanner ( ph_technical ph_technical ) and it works successfully added ph_technical*.jar files for showing the ph_item image when it navigated thanks in advance, ph_user ph_user dears, they have checked the site and there are no problems until ph_technical ph_path ph_name and ph_user , per our last conversation with ph_name, kindly note that we will connect today at 2:00 ph_technical in order to: take a backup of the ph_technical schemas, wars, communication services, and the tomcats install tomcat (v9.0.27), the same as our pipeline deploy the latest ph_name release (ph_version) deploy new scan page (v1.11.1) deploy the communication services (v1.4.0) note: please download the zip file which contains all needed files from the link below: ph_technical per our last connection, kindly note that we have finished deployment of ph_name (ph_version) on the test environment, including the following points: took a backup of the ph_technical schemas, wars, communication services, and the tomcats deployed the database script and compiled the invalid objects installed the tomcat (ph_version), same as our pipeline deployed the applications wars ( ph_user , ph_technical and ph_technical) for ph_name (ph_version) deployed the communication services (v1.4.0) installed latest ph_technical (ph_version) now we need your kind support to test the system and all ph_name features again and provide us with feedback per our last connection, kindly note that we do the following points: upload ph_name reports (ph_version) upload ph_technical tool to ph_name server in order to deploy it regards, ph_user ph_user greetings kindly note that the ph_technical tool has been installed successfully on the test ph_name server kindly note that the communication service ph_version has been deployed on the test ph_name server in order to install an ssl certificate once the ph_name provides you with details please download the zip file from the below link: ph_link regards, ph_user ph_user per our today connection, kindly note that we have finished deployment of ph_name (ph_version) on the test environment, including the following points: took a backup of the ph_technical schemas, wars, communication services, and the tomcats for old release(ph_version) deployed the applications wars ( ph_user , ph_technical and ph_technical) for latest ph_name (ph_version) deployed the latest communication services (v1.4.5) deploy latest scan page (v1.14.0) connected to ph_name tomorrow, we will test with another bank kindly note that the ph_user ph_name on the test server has been deployed successfully as such, we will be closing this ticket and open another ticket for production server"
MND-1009164,Ticket,P1,294,"regards, ph_name team greetings kindly note that we will check this and get back to you regards, ph_user ph_user greetings kindly note that the issue is identified and fixed, we will let you know once the release containing the fix is released ph_user ph_user greetings exactly, kindly check ph_user `s email greetings we are in process of adding a view validations to handle the cases that was reported based on the collected logs thursday until 3:30pm once ph_name rejects the ph_user with reason “ customer not found ” , ph_technical will reject the ph_user and return back the funds ph_technical this case should be handled for the customer that their information is corrected in ph_technical and to be migrated into ph_name in order to send outwards and receive inward payments ] if ph_user customer sends alias resolve with an arabic alias or spaces , ph_name will return back a response that should prevent the customer to proceed with his ph_user , however, if the customer proceed with financial ph_user , ph_name will reject the ph_user that will lead to return back the funds [ the mobile app must validate the data before sending to ph_name ] as you can see, there is no way to handle each case separately, but we believe that this approach will reduce the partially accepted payments that occurred last week expected ph_user on uat: end of tuesday ph_user ph_logs reference ph_path note:- ph_technical a new release will be deployed over uat to handle the two reasons causing the partially accepted status greetings kindly note that the fix for this issue is deployed on production environment (v1.28.5) please let me know if you have any questions or concerns and please consider closing this ticket in case there are no update"
MND-1009224,Ticket,P2,23,"regards, ph_name team kindly note that the provided customers is default account now please check ph_user ph_user please consider this ticket as closed"
MND-1009172,Ticket,P2,21,"regards, ph_name team kindly note that the customer is default now please check ph_user ph_user please consider this ticket as closed"
MND-1009193,Ticket,P1,22,"regards, ph_name team kindly note that the customer is register as default please check ph_user ph_user please consider this ticket as closed"
MND-1009136,Ticket,P2,9,"regards, ph_name team please refer the request to ph_user"
MND-1007771,Ticket,P2,243,"regards, ph_name team we are currently checking and we will get back to you there is no integration between ph_technical onus and ph_technical onus, so the ph_technical will not appear on ph_technical however, the ph_technical get auto rejected due the bank late response, might be cased by connection failure at certain amount of time auto rejection cased by a late response does not inconsistent with ph_technical sent to its destination successfully, so its not a failure from business perspective hope that answered you question ph_technical dear, can you provide us a screenshots for change history? you can find it on the ph_technical its a feature from ph_technical central can be shown on teller's ph_technical, and you can only solve it by presenting a new ph_item unfortunately, no it cant be processed twice, you have to present a new one as mentioned in point number two best regards good morning dear, we are ph_technical the points mentioned and i will get back to you soon kindly suggest a time to connect so we can clarify the points mentioned below recording to our policy and due to the lack of response, we will consider this ticket as closed please do not hesitate opening a new one or send an email if you have any concerns kindly suggest a time to connect kindly following up please, do not hesitate ate to open a new one if anything needed or you have any concern thank you ph_user"
MND-1009314,Ticket,P3,43,"please join the zoom room 4 we have sent to ph_name to get the details of this ph_item needed for investigation please check the status now the permanent solution will be delivered through the ticket linked above, and this ticket is closed now"
MND-1009361,Ticket,P2,44,"regards, ph_name team please note that we will be checking this issue and we will update you, the middleware is now working fine ph_user please check the pending payments now kindly note that based on your last comment we will consider this ticket closed"
MND-1008712,Ticket,P1,264,"regards, ph_name team dears, as per your past meeting with ph_user , we asked to activate the mentioned branch and now we are waiting for your kind feedback as agreed in the meeting today, we will remove the status validation from the ph_technical central and send a new release for ph_version as soon as it's ready we just need your team to keep us up to date regarding the uat environment setup as per ph_user ph_name ph_user , w e are waiting for uat readiness and then we will publish the new release we will provide you with a release that solve this soon the release hasn't been built from the development yet kindly note that the development is working on the fix but for now, we want to update the branch status to active can we do that? kindly note that this fix has been resolved by the ph_user very recently and a new release will be deployed soon we will keep this ticket open until we deploy and test it on ph_name side the fix has been applied on the site by deploying the latest release hence the issue has been resolved we will close this ticket now however, if you still got problems please do not hesitate opening a new one containing all details problem: a problem with an account enrollment which is associated with an inactive branch below is an example of the http request request ph_link ph_technical response investigation and simulation: development agile related issue : solution: fixed by development 1- did we resolve the problem and its symptoms?"
MND-1010387,Ticket,P3,85,"regards, ph_name team please provide us with the batch sequences for the three ph_items ph_user br please run the below delete statements against the ph_technical schema to delete the three ph_technical ph_sql please provide us with a remote connection the ph_items have been deleted based on your request! we will consider this ticket as resolved and closed it, but please take on consideration if you didn't solve the issue from the ph_technical you will face the same when trying to present the same ph_items again"
MND-1008170,Ticket,P4,170,"regards, ph_name team greetings kindly note we will check the issue and get back to you asap regards, ph_user due date: oct 31, 2022 dears we still waiting the ph_user to give us the solution due date: dec 31, 2022 dears we still waiting the ph_user to give us the fixe due date: feb 28, 2023, 1- executive summary ph_technical ph_technical uat environment ph_name has worked with ph_name on this issue from "" aug 21, 2022 "" until "" feb 28, 2023 "" for the reported issue 2- problem description kindly note if only one ph_technical is required to approve the writer then number of needed approval will show 0 which is not needed and should be stated that the user is fully approved when the needed approvals reached 0 3-problem identification on date aug ph_technical, ph_technical : we checked the issue with ph_user the banks 4- corrective action feb ph_technical, ph_technical : we deploy new release with the fix 5- conclusion and recommendation n/a we recommend to have: n/a"
MND-1009738,Ticket,P1,130,"kindly note that we still investigate the issue with our qc ph_user ph_technical and developers and we will update you asap regards, ph_user kindly note that we have passed this issue to our developer, we will update you once we have any kindly note that as per our qc ph_user ph_technical the issue has been fixed and will be included in the next release on uat kindly note that we will pass your request to our developers and update you asap kindly note that we have successfully deployed the new ph_technical version (ph_version) over production nodes that contains the fix for this issue please check and advise in order to close the ticket kindly any updates kindly note that as per your last comment, we will consider this ticket closed"
MND-1007420,Ticket,P3,1103,"regards, ph_name team we will check please share us the schedule details as we connected and checked together , the issue is that weekly session for schedule ph_technical,ph_technical and ph_technical doesn't open on the next day if the scheduled day is a holiday as this was the behavior in the old ph_user system for now we have updated the scheduled to open for monday or weekly basis: ph_sql ph_technical we will check further into this and let you know thank you ph_user issue till under investigation, checking once again if the issue replicates locally also working along with the database team ph_user ph_user .com session not opening ph_user ph_user greetings i checked with ph_name, in old system the field ph_technical ph_technical ph_technical , and sat ph_path is weekend for all the foreign currencies, the session used to open correctly for monday and if there was holiday on monday, the session used to open tuesday in the new system as well ph_name first tried with ph_technical ph_technical ph_technical, and foreign currencies weekend is sat ph_path , but the session did not open for monday so, ph_name tried with ph_technical ph_technical ph_technical, but the session did not open for tuesday when there is holiday on monday in the new system this weekly session opens correctly when there is no holiday on monday the weekend parameters for foreign currencies are ok in the new system, and the weekend parameters for ph_technical currency is changed since the weekend in ph_user is sat only as changed by the government thank you ph_user ph_name ph_name, ph_user ph_user i will double check with ph_name about the ph_technical, as earlier they were saying even if they set it as ph_technical in the new ph_technical , the session was not opening as expected for the params as well i will check with them since there is difference: in the new: ph_technical sat,sun ph_technical sat,sun ph_technical sat weekend sat in the old: ph_technical sat,sun ph_technical sat,sun ph_technical sat,sun weekend sat,sun ph_name, ph_user ph_user ph_user dear ph_user in the new system the ph_technical having the following value ph_technical while the value in the old system was ph_technical we need to check the behavior if we changed the new to be the same as old also make sure that the following parameters are identical in old and new best regards ph_user ph_user as mentioned previously, for the weekly schedules for foreign currencies with ph_technical in (ph_technical,ph_technical,ph_technical) set to open every monday , doesn't open in the next day when there is holiday on monday please find the attached schedules from old and new ph_name, ph_user ph_user ph_user undefined you ph_user have outstanding tasks for ph_user ph_user ph_user .com would you like to review now? undefined dear ph_user what is the current behavior , also can you send me the complete schedule for old system and the new system ph_code i double checked in my local environment as well and the case is replicated : test case: regular weekly scheduled session for thursday for all currencies make thursday (ph_technical ph_path ) holiday, the session doesn't open for friday (ph_technical ph_path ) regular daily scheduled session for currencies make thursday (ph_technical ph_path ) holiday, the session opens for friday (ph_technical ph_path ) please suggest how can we move ahead to debug this case ph_name, ph_user issue under investigation as we discussed internally , we want to check and trace the scenario in the old system, could you please help to arrange for the same we need to connect together and check the case we need to trace the case in the old system and we need to do some changes in sessions ph_path session package ph_path parameters so, it is better have full privilege for the central ph_technical schema we checked the weekly session in the ph_technical schema in 6.52 uat server and the session did not opened for next working day if the scheduled day is a weekend test scenario 1: weekend and foreign weekend set as wednesday(8 ph_path ) disabled all the schedules except monday weekly ph_technical regular schedule (ph_technical) and sunday weekly ph_technical regular session(ph_technical) change the ph_technical to ph_technical (for above ph_technical)to open for wednesday run the session job result: the session did not open on tuesday(8 ph_path ) to be active for thursday(8 ph_path ) test scenario 2: weekend and foreign weekend set as sat,sun as usual result: the session open on tuesday(8 ph_path ) to be active for wednesday(8 ph_path ) looking at the test results from the old schema, it seems this is the normal behavior of the system kindly check from your side if we could check anything further cc: ph_user could you please check again if we could test the case in the old db kindly provide the package body for ph_technical from the central database please attach as a text file and do not paste as a comment kindly implement the attached procedure ( ph_technical ) in the uat do the testing and let us know the results we will check and get back the changes made in the ph_technical did not worked, seems it need more investigation and changes in the code we will check further and update you issue still under investigation as we have found unusual behavior during opening of session for weekly sessions we are working along with the ph_user for the solution to this issue please find the attached fix for the issue: ph_technical deployment steps: extract the zip file login the ph_technical as central application user in the uat run the sql file ph_technical run the package: ph_technical run the package body: ph_technical make sure the above packages are compiled successfully check and compile for any other invalid objects do the testing required testing with these changes in the uat if the testing is successful in the uat we could plan to implement the fix in the production kindly update on the fix implementation results in the uat and plan for production implementation kindly update the status kindly update the current status let us close this ticket for now if you have planned the implementation for later you can contact us for whenever you need our support for the implementation in the production please provide your feedback as discussed over whatsapp, ph_name plan to apply the fix to the production this week so, the ticket will not be closed for this week kindly update the production implementation status of the issue the ticket will be closed for now, since the ticket was in pending status for longer time kindly raise another ticket, if you face any issues during the production implementation"
MND-1009637,Ticket,P3,558,"regards, ph_name team greetings ph_user , please share a log for the same day you've tried to ph_technical ph_items in order for us to check this case best regards, ph_user ph_user the shared logs are not useful to our investigation , please avoid sharing ph_technical to investigate prod cases since this is time consuming and misleading , kindly arrange with your ph_user team to collect the logs once they do “couple and match” then retry the checks after that you can collect the necessary logs , also make sure to share the logs for both tomcats and share the ph_item ph_technical, ph_item number in order for us to be able to investigate this further as per our conversation, i have found some exceptions showing in the last log file that you've shared, however, i am not sure that these exceptions are related to our case, could you please collect the logs again with ph_technical team once they match tomorrow's vouchers and share both bank and main tomcat logs thanks for your usual support and cooperation thanks for the usual support, i will share the same with dev team and get back to you the soonest we've tried to analyze the shared log to find any ph_technical exceptions related to this case, nothing is showing on the log, you ph_user retry the case and collect only one log file for when your ph_technical team approves a voucher that contains more than one ph_item and some of the ph_items in the voucher marked as failed, otherwise we need to send you a logger file and it should be deployed on prod since the case is not reproducible on uat as mentioned in my previous comment, we've tried to analyze the shared log to find any ph_technical exceptions related to this case, nothing is showing on the log, you ph_user retry the case and collect only one log file for when your ph_technical team approves a voucher that contains more than one ph_item and some of the ph_items in the voucher marked as failed, otherwise we need to send you a logger file and it should be deployed on prod since the case is not reproducible on uat based on the latest log file for the ph_technical (ph_technical) , i have found the below line showing the below error while sending async message! ph_technical the above ip and queue manager showing is for uat , we've kept like that because the camel used to release the ph_items before was the one used in the secure (ph_technical) due to the latest changes , camels in both tomcats will be used therefore the ph_country ph_technical file in the (ph_technical) should be updated with correct ph_technical values the change is already mentioned in my previous comment, we only need to configure the ph_technical credentials on bank tomcat, all of the ph_technical integration points related to ph_country are all maintained in ph_country- ph_user -integration.properties path: ph_technical ph_path greetings file is uploaded , please take a backup on the server from the existing file and move the provided file ph_country- ph_user -integration.properties , clear the current logs, and restart the bank tomcat and update us with your feedback once you couple more checks based on your update, i will consider this ticket closed feel free to reach out for us in case you needed further support"
MND-1007417,Ticket,P1,109,"regards, ph_name team dears, still under review regards, ph_user still waiting this ticket related with ticket (ph_technical) ph_link we will provide the update asap greetings kindly we we need to close this ticket and follow up the gate way issues on the ticket (ph_technical) to manage the issues easily, please confirm kindly we deployed the fix on new release, and we will close this ticket and follow up the testing on the ticket (ph_technical) to manage the tickets easily problem: exceptions in the ph_technical prod trace logs investigation and simulation: we check the issue with ph_user development agile related issue : solution: the ph_user provide us with new version"
MND-1009593,Ticket,P3,164,"this issue is related to temp folder on tomcat as the file should be removed automatically to avoid such cases however, you can use below script to be run on daily bases on application server as cron job through the os to keep removing files from temp folder to solve the issue hereunder the cleanup script just share it with os team to create corn job to be run at 2:00 am as example to avoid the working hours ph_technical please check the same and update us accordingly if you need any further assistance regards, as explained to you that , the script will remove old data from temp folder inside tomcat and it will not impact on anything related to the application or server please check again with your os team to apply it on the server and update us accordingly ph_user since the issue not raised again during the monitoring period “ one week ” we will proceed by closing this call"
MND-1009569,Ticket,P2,21,"regards, ph_name team kindly note that the customer is default now please check ph_user ph_user please consider this ticket as closed"
MND-1009601,Ticket,P2,125,"regards, ph_name team as per the conversion, the session date was not updated on some ph_items due to manual intervention to delete some messages from middleware queues for now, we can update and sync them from the database level, so kindly collect all ph_item details (amount, ph_technical, and ph_technical) along with the session date ph_user did you know what the session dates should be filled to be the same as exist on ph_user ph_technical please connect the following meeting ph_link as per our remote connection, not all ph_items should be having the same session (date 31- oct-2022) as all of them have different posting dates as we agreed you have to update the ph_technical like ph_item date as you already agreed with your business team"
MND-1009486,Ticket,P1,15,"regards, ph_name team kindly note that the issue solved, and this ticket will be closed!"
MND-1007295,Ticket,P3,518,"regards, ph_name team dears, kindly note that we try to contact the bank we connect to them to check the issue and investigate the issue best regards, ph_name team dears, kindly note that we communicate with the bank over email best regards, dears, after communicating with the bank over email, we agreed to connect to them on thursday at 04:00 pm to work on the reported issue kindly find below the url for the integration: ph_link we need to reflect the configuration that is already done on ph_user into integration, so the integration url can be accessed using the load balancer url dears, kindly note that the below issue is solved from the ph_technical side by handling the integration url and from our side, we have to change the configuration that handle the integration url to the load balancer url, so please provide us a suitable time for you to inflect this change on the integration kindly note that we will start our activity today after the bank end day after 3:30 pm best regards, dears, kindly note that we try to reflect on the production but an error message box appeared on the early item page of the ph_user module so we did a rollback until we fix it kindly note that after the last connection on the bank we change the url to the load balancer url but we have faced an error on the early item page “could not complete the ph_user due to error ph_technical and this issue is still under investigation as per our phone call with the bank, we will connect to check the issue as the bank will provide us with a connection on a sunday dears, kindly note as per our phone call with the bank, we connect on a tuesday based on the bank's request based on our connection yesterday we are successfully managed to resolve the https url issue on both application servers, but unfortunately, we notice that some workstations have an issue only on the early item page so roll back the change until you found the route cause that could be (anti-virus, firewall role, edge version, windows version or update) kindly any update best greetings any update please as per our phone call, we will connect to interstage tomorrow at 3:30 kindly note after our last connection the bank provides us with a workstation where we can open a developer tool on the browser so we can investigate the issue we found that the application forwarded some urls as https and some of them as http which was the issue kindly note that we open a story with the development for this issue as per our phone call yesterday we arrange to connect to the bank site on sunday at 3:30 pm kindly note that the issue is solved, so we waiting for your notification to reflect it again to the production after you share the new url with all branches kindly note that as per our connection yesterday we reflected the change to the production, so please we need your approval to close this ticket"
MND-1009899,Ticket,P2,17,"best regards, ph_name team greetings kindly find the requested branch in the attachment under the name ph_technical"
MND-1009901,Ticket,P3,170,"hope you are doing good, can you please let me know when would be the best time for us to connect to run our preventive maintenance evaluation, would tomorrow at 11 am work ? regards, ph_user apologize it seems there might be a slight delay from my end please find attached the scripts we are going to run for the health check, ill provide a different time shortly for us to run them lets do 2pm amman time, please let me know if thats not a suitable time sorry for any inconvenience hello greetings after reviewing the generated logs it seems we have 1 stand out concern which is : tablename-spaces ph_technical which is using over 86% memory, this would need to be brought down to sub 80% for stability concerns, so that ph_technical needs to be set to auto extent beside that everything seems fine in terms of overall health, let me know if you have any concerns, also i have attached all the generated logs for your reference"
MND-1009552,Ticket,P3,171,"kindly your ticket is assigned can you check from her account if the ph_user is added to trusted sites and it's available in the compatibility mode? please send us a screenshot from the ie browser to verify that you ph_user also, send us a screenshot from the ie version kindly we are waiting for your feedback, please advise also, you ph_user send me the user login name i checked the user preferences and i found that the user doesn't have the ph_technical option enabled can you let the user login to ph_user then access the user preference page under tools menu, check the box beside ph_technical usage and check if the issue is resolved? please update us about the issue status, is it fixed or not yet? please note that we will close this ticket and consider it resolved where we didn't receive feedback from the end user if you noticed that the issue still exists in future, you ph_user open a new ticket, so we can continue tracing the case"
MND-1010158,Ticket,P3,122,"best regards, ph_name team please note that the tde is not certified from our side so we recommend applying the changes in testing servers ph_technical after full ph_technical testing for all ph_technical function banks can apply the changes to production servers waiting for your feedback if more clarification is required from our side or please allow us to close this issue kindly let us know if you are able to apply the changes on uat and do the ph_technical testing kindly let us know if there is any new update kindly note that we will keep the ticket open until the end of today and we will consider this ticket resolved and closed since no more action is required from our side"
MND-1010548,Ticket,P3,385,"regards, ph_name team greetings referring to our meeting today, we've verified that the issue you're facing with the scanning process is related to the scanner hardware you're using we've scanned three ph_items as a single scan, and all of them went to the system smoothly then, we tried to do a bulk scan by doing a workaround to feed the scanner tray ph_item by ph_item instead of loading them all at once, and that worked fine as well my recommendation for future releases and better testing results to avoid such scenarios is that we obtain a new working ph_technical scanner that is fully functional, similar to what the client already has, as well as a ph_technical scanner, so you can test both scanners on uat or in a prod environment to simulate any internal issues for better support quality we appreciate your feedback regarding the testing results and when we can move the new changes to prod to finalize this best regards, ph_user ph_user ph_user ph_user ph_user ph_user greetings, please find the needed 14 2022 worked with dev team internally to release the new needed hotfix mentioned in the attached doc with name “ph_technical” then deploy the same fix on client's uat env , we had a global index that being used by all of the system's scanners , we have added a new json file to override this behavior since each scanner has a different index 17:30 22:00 15 2022 worked with bank's it and business team to deploy the same fix on client's prod env , for the same release we've provided them after receiving the feedback to move the same release from uat env to prod servers 17:30 20:00 problem: the system is supporting one scanner type to be used at a time while it should support multiple scanner models investigation and simulation: a global index of the first image sent by the scanner (document) was used by the system, we've added a new mapping file to send the correct index value of each scanner model development agile related issue : n/a solution: 1- did we resolve the problem and its symptoms? yes, same to what have been explained above, this is because a fixed index value is being used by the system while each scanner model require a different index value"
MND-1010280,Ticket,P3,129,"please note that your ticket has been assigned and we will update you shortly best regards ph_name team kindly confirm it will be for pacs.008 and pacs.009 or one of them, please find this process in order to define the new workflow rule: 1 log in to ph_name application using the user has privileges as a maker on the system management→workflow rule 2 press on create button and navigate to the workflow rule please define the following steps: ph_technical 4 after the user fills all fields to match the steps he needs to press create button and then request approval please make sure to flush the cache after that any update please, kindly note we will consider this ticket closed since no more assistance is required from our side"
MND-1008322,Ticket,P2,631,"this tickets has been created to address the issue of missing branches while scan the ph_technical in ph_technical regards, ph_user ph_user note: need a session with devs to proceed further with the issue… under discussion with the team and dev teams need the change request developer is working on it as asked the extract of the banks and branches has been provided to the developers from ph_name uat environment dev team is working for the cr so this ticket will be closed fix provided by the developer and he mail loop is ph_name banks and branches sync releases kindly note that the banks and branches sync is ready and available on the following releases: ph_technical please follow the steps below when installing this change: run the attached script ph_technical on the ph_user app schema advance the ph_technical sequence current value to ph_technical or more using the command: ph_sql need to confirm with the developer weather it is ph_technical in latest change request release and deploy the fixes provided solution delivered by the dev teams in the latest release and is working fine in the dev environment need to test it uat environment need to check in the ph_technical to determine why the data is not transferred from bank ph_user to bank ph_technical we were unable to access ph_technical url because of the port issue being blocked from ph_name end clients has make the ph_technical console accessible need to follow with ph_user for further developemnt fixes were not working properly for special cases where bank code and branch code from ph_user not matching with the ph_technical due to padding issue bank and branch data for ph_user and ph_technical need to be delivered to developer for further analysis need to deliver the uat bank and branches of ph_user and ph_technical to dev teams unable to share the data to the developer due to vpn issue in the uat environment bank branches unable to send due to vpn issue to connect to uat ph_technical, ph_technical, bank and branches tables data has been provided to the developers for further investigation of the issue developer working on it we deployed the latest release checks-management ph_technical and ph_technical ph_technical and test for the fixes in the uat but the problems still exist ph_user bank and branches is not in sync with ph_technical bank and branches comments made by the maker user is not visible to checker user fix for this issue has been implemented and tested successfully in the uat clients has been informed to validate the case in uat at their end client to perform the sanity testing at their end in the uat environment need to prepare the release note and deliver it to clients release note prepared waiting for the clients if the earlier released release note-incorrect return date ph_version ph_technical has been moved to production so that we can share this release we will provide the release note along with the deliverables to the clients even though release note-incorrect return date ph_version ph_technical has not been moved to production we will provide the release note along with the deliverables to the clients ph_technical release note-incorrect return date ph_version ph_technical has been moved to production in the release note we have to clearly mention that the fix for the note-incorrect return date ph_file have to be deployed in production before this moving this release to production release not will be provided today after testing the changes made in ph_technical for the parameter ph_technical for production deployment in the ph_file file release note release note-missing branches ph_technical checker comments - 11jan2023.pdf provided ph_user , release notes and deliverables associated with this tickets has been provided so we are closing this tickets for now and will re-open if any issue associated with this issue is encountered"
MND-1010058,Ticket,P3,429,"kindly this ticket had been assigned, we will get back to you shortly regards, helpdesk team kindly arrange a call by tomorrow in order to check it with the business team best regards, ph_name team kindly it will be great if we can arrange a call between 11am to 2pm at sunday 27 ph_path , you can send a meeting request on email: ph_user confirmed kindly note during the meeting with the business team, one of the messages ph_technical in status unmatched cancellation because it reached ph_name before ph_technical, and agreed over call to allow the user to generate the report for ph_technical we will validate the roles to be assigned to the user and will update you with the result kindly note we are still investigating the issue and will update you kindly we need to connect to the uat site to apply for the required roles for reporting, will call you on sunday to arrange it kindly arrange a remote session on uat between ph_technical till 12.30pm we will require both application ph_technical and server access on uat sure we can, i will be available at this time kindly share with us the remote support session url kindly i need 30 min and i will be able to join please advise us what is the rescheduled time to reconnect kindly share the remote connection kindly arrange a remote support session in order to add the pending roles for reporting module confirmed 2:30, also meanwhile please check with the team if the following dns is already added on uat : ph_technical thanks for arranging the session today, as agreed during the call the dns records ph_technical ph_technical it seems not added, waiting for your update after the dns is added on the uat site kindly let us know if there is any new update kindly note during our remote session today, we are able to reach the following dns ph_technical, we request you to access uat ph_name and navigate to the report module and take a screenshot and attach here the result on the ticket, waiting your feedback kindly note that during the last remote session now the user is able to access the required report, please ask the business team to verify it and generate ph_technical report in order to move it to production kindly let us know if there is any update from business testing kindly note that since no feedback from your side, we will consider this ticket is resolved and closed, please open a new ticket if more assistance is required from our side"
MND-1007291,Ticket,P3,381,"regards, ph_name team the ticket is ackd we will check and let you know thank you ph_user we will try to replicate the issue to investigate further and provide you the update the issue under investigation, for we have to use the workaround that we already communicated onsite during live activities we will work on this and update you we will have use the ph_name test site to check the case since this is happening for the migrated users only we will check the issue in the uat and update you soon on this we are checking the case in the uat, in the mean time could you please share the workaround script as this script was created before the ticket was raised thanks issue under investigation we are investigating and issue and trying to replicate different cases related to this issue we would like to request you to connect us when the bank reports the same issue again to analyse the case any chances we could check the issue live? there is no progress yet, we will push our team to get the results soon there is still no update yet on this issue we are discussing this with dev team, will update you as soon as there is any update we are still discussing this issue , we will let you know issue still under investigation at the development side no updates yet please send us the following details of any 2-3 users with such issue: ph_sql from both sec and shadow thank you for the details, we are checking this and let you know the update please implement the following trigger in the shadow schema (bank side database), first test in the uat and then we could plan for the production create or replace trigger ph_technical before insert or update on ph_technical referencing old as old new as new for each row ph_sql please let us know if any kindly update if you have done the testing as we tested the trigger was working as expected, let us apply this trigger in the production in the off hour thank you, let us keep this under monitoring please update if the issue is still there as discussed verbally , the issue is not appearing now so will be closed"
MND-1009455,Ticket,P2,189,"regards, ph_name team kindly note that we will be checking this issue and we will update you soon ph_user kindly can you try again and update us kindly we need you to change the timestamp and ph_technical to be in future since they are very late and causing the below issue, in the castle mock ph_technical ph_technical ph_technical ph_technical ph_technical ph_technical ph_technical response section ph_technical ph_technical and once you update the mock response please refer to us castle mock url: ph_link fyi kindly note that timestamp should be at least today's date, please change it and try again: ph_technical kindly note that the timestamp is not correct and missing plus character: accepted timestamp: ""timestamp"": ""2022-11-03t13:09:0802:00"", adding plus character before the timezone check the attached file please consider changing the timestamp and adding plus character to the timestamp once you change the timestamp test a cycle, and update us change the timestamp to ph_technical today : ""timestamp"": "" 2021-11-21 t09:21:12+02:00"", and then try again kindly advise on the ticket status and confirm to close the ticket kindly note that as per your last comment we will consider this ticket closed"
MND-1004859,Ticket,P2,1169,"regards, ph_name team please add the ip of the site on the mentioned machines to the compatibility view settings and restart the ie and check again ph_user please join the below session: ph_link i have waited for the user to join for more than 30 mins, will check with him tomorrow morning the user has opened two tickets regarding the same issue, we have closed the first one, and today we will connect and recheck the issue again as discussed and agreed on the zoom session, we have created a new profile for the same user after renaming his current profile and asked him to make transactions “scanning ph_technical as much as he can for at least one hour, and inform us directly if the issue has appeared again we look forward to your kind feedback the last solution that has provided for the user to scan the ph_items using a new profile, please ask the user to monitor for one week we are waiting for his feedback we have checked all the below points regarding the reported issue: make sure the ip of the app server is added to the trusted sites add the ip to the compatibility view checked all ph_technical options are enabled could you please advise on this matter? we have done the provided points, and as the bank's user, the issue still appears please note that the issue appears on both systems is the issue still appearing after applying the below points? please note that this issue has been transferred to be checked by our ph_user , will get back to you asap ph_user , is the mentioned issue appears in the test environment since we have already installed a fix on the same environment by referring to the below ticket? please note that this ticket has two fixes, the first one is for the vip ph_items and the other one is for the ie hanging we are still waiting the production dumps from the bank side we are still waiting for the production dumps from the bank side we are still awaiting the production dumps from the bank side please note that the mentioned issue is still under the ph_user 's investigation, and we are waiting for the production dumps from your side to complete the process please note that our ph_user is working on the issue, and will get back to you asap please note that the ticket is under our ph_user , and we will get back to you asap after simulating the case in our labs and scanning a huge number of ph_items, there is no issue has appeared, please inform us once the issue appears to check it on the spot please find attached the zip file that has the name “ ph_technical ” to download on the test application server and on one ph_technical in order to test the fix the ph_technical files have been provided by the developer and they are attached, please note that we have to identify the new ph_technical files that will be installed on the users' ph_technical on the system configuration of the scan page for each module after installing the new ph_technical files on the users' ph_technical, we have to configure the new ph_technical files on the server side to let the system knows which ph_technical files will be dealing with, so the old ph_technical files will not work we have forwarded your note to our ph_user , and we will get back to you asap please note that we have deployed the new ph_technical file of ph_technical to one of the workstations, does the mentioned error affect the scanned and uploaded ph_technical your notes have been forwarded to our ph_user , we will get back to you asap please note that the ticket is still under our ph_user 's investigation, and we will get back to you asap please note that we need to connect at 10:30 am, please confirm please join the below session at 10:30 am: please inform us once the issue appears to connect and check as discussed, please note that we are asking to prepare a new device that has only the used os in your environment, in order to install the printer driver and ph_technical file to trace and troubleshoot the mentioned issue we are waiting for your kind response please provide us with your kind feedback your prompt response is highly appreciated thank you for the update, we will connect and do the needed asap please note that we are arranging to connect and investigate the mentioned case as discussed, please note that we need to install the scanner driver on the new machine as this is one of the prerequisites that need for the testing cycle please note that we have installed all the prerequisites on the new machine, can you proceed with the test cycle? please do not hesitate to reach us with every single issue that appears on the scan page please inform us once the issue appears on the new machine, in order to connect and check please note that we have installed the cap files for both modules “ ph_user and ph_technical” on the new machine, in order to test the case thank you for informing us, can you please specify the errors that have appeared during the test, in order to arrange a connection and check? please note that we will connect today at 12:00 pm we are waiting for the bank's feedback we will arrange a connection in order to install the prerequisites we have installed all the prerequisites, please proceed with the test cycle do you activate symantec or the firewall policies on the new machine? please find below the folders and files that need to be excluded: ph_technical 3- ph_technical ph_path of the scan page 4- ph_path ph_technical*.exe waiting for the bank's feedback there is no update from the bank's side thanks for the update, noted, we are waiting for the testing results please provide us with your kind feedback regarding the testing cycle regarding the symantec issue on the scan page, please refer to the network team in amman to know how they handle the case in ph_country branches and apply it to your sites our ph_user is working on the case please note that we are working on a fix with our ph_user to configure a customized path for the ph_technical directory, could you please provide us with the path that can be excluded from the antivirus? we are asking for one path and prefer not to be in program files you have provided one path but it's different on the configuration level as it depends on the system version, so we are asking for one path that is the same on all system versions our ph_user is working on a new ph_technical file with a configurable path the ph_technical files have been provided by the ph_user , we are waiting for the param that needs to be added to ph_technical and ph_technical file"
MND-1007142,Ticket,P2,94,"regards, ph_name team greetings we will check the issue and get back to you asap regards, ph_user greetings we need to arrange a meeting to get more information about this issue kindly note there's no attached file on this ticket we still waiting ph_name response due date: oct 31, 2022 this ticket still waiting from ph_user side ph_technical due date: feb 28, 2023 problem: ph_name bank email issue in the ph_item ph_user investigation and simulation: send the issue to ph_user development agile related issue : solution: we will deploy the fix with new release"
MND-1010199,Ticket,P1,136,"best regards, ph_name team well noted, we already connected to the bank ph_user ph_user ph_technical ph_user team ph_user firstly, kindly note that the ph_item updated with reason ph_technical as you requested secondly, kindly note that the system reason on the ph_item was ph_technical ph_technical ph_technical it's a system reason, it must not appears to the bank users, any ph_technical greater than ph_technical it's the system reason after our investigation we found out that these reasons appear only on the ph_technical page, it's a bug and we have deployed a fix on the uat-site already, we checked it and tested it successfully finally as per our call the fix will be reflected in production tonight at 10:30 pm best regards ph_user ph_user kindly note that the fix just deployed on production and ha servers ph_name disk team"
MND-1010360,Ticket,P2,45,"we are currently connected to the bank regards, ph_user ph_user ph_user as per our connection, the issue has been resolved by adding the privilege to the assigned user regards, ph_user ph_user as per our phone call, we close this ticket since the issue was resolved"
MND-1008457,Ticket,P2,162,"regards, ph_name team root cause: the reverse limit was not working due to a bug the transaction configuration ph_user is non-financial the transaction completion that is related to the ph_user inquiry feature was delivered with no retry count the ph_technical can be reversed multiple times and this is causing repeated reversal on them solution: add a new column on the jv entry to fill the ph_technical reference that reversed it (not released yet) add the retry count on the transaction while executing the completion ph_user (not released yet) more fixes are expected (in progress) ph_user dears, kindly note our ph_user is working to solve the issue, once we have a fix we will update you kindly note that we have a fix ready to be deployed on your test server to solve the issue kindly note, we deployed a new release and the issue was fixed successfully please note that this issue is considered as resolved in production and will be closed"
MND-1010031,Ticket,P3,43,"regards, ph_name team kindly ,we will be on call at the determined date in case any help needed ph_user based on your below feedback we will close the ticket for now and when you determine the new date please open a new ticket"
MND-1007880,Ticket,P1,331,"regards, ph_name team greetings ph_user , please join the below session: ph_link ph_user please note that the case has been forwarded to our team, and we will get back to you asap please note that the case is still under our ph_user 's investigation, and we will get back to you asap please provide us with the below reports, and note that these reports need to be exported by the bank's dba: ph_technical we are waiting for your kind feedback please print the mentioned slip at a specific time, and provide it to ph_user in order to generate the ph_technical report for that time please note that we will connect at 9:30 am please note that the issue is still under our ph_user 's investigation, we will get back to you asap please note that we need to arrange a connection, our ph_user needs to do more investigations still with our ph_user 's investigation there is no update from our ph_user side the case is still under investigation by our ph_user we are waiting for our ph_user 's feedback please try to print the slip and feedback please advise if there is a slowness on the same report on the ph_user we have provided the updates for our ph_user and waiting for their feedback we will try to take a dump from the ph_technical schema with the number of ph_items in order to test them locally and provide the results to our ph_user we can't take a dump from the bank's side, as there are sensitive data please confirm with us if the dba has rebuilt the indexes and gather statistics for the ph_technical schema, and provide us with his feedback thank you for updating us, could you please ask the it team to reinstall adobe acrobat? waiting for your kind feedback please note that we will do more investigation in order to specify the issue thank you, we will consider this ticket closed and postpone it to the new version"
MND-1010324,Ticket,P3,1009,"regards, ph_name team we will check with ph_name team and get back to you ph_link please let us connect and check the schema names are ph_technical and ph_technical please confirm the following: the screenshots attached to this ticket are from ph_technical please double check the status of the ph_items on ph_technical system and confirm that they are replied without any issues upon confirmation from the bank team, please we need to do the following, the issue is not applicable on test site so we cannot reproduce: fix: on schema ph_technical ph_sql rollback: on schema ph_technical as per confirmation from the bank team, you can go ahead an apply on application server greetings as per request from the bank ( ph_user ) they need to move forward with this as soon as possible as per our phone call with your team, please proceed can you please double check and make sure that the update commands are committed please we need to connect to check on ph_technical level if there are any records on ph_technical and ph_technical tables for these ph_technical on ph_technical schema maybe after our current meeting please please join can you please provide a screenshot of the error? and are you getting any errors in the upload manager? are uploading from ph_technical again or ph_technical please note that after checking with you we need to run the following update statements on ph_technical schema ph_technical please give us your feedback once done so we can tell the bank team to proceed you are correct, i apologize here is the correct rollback i adjusted as needed please proceed let us make sure that the below is what was applied if yes then please let us connect to double check yes we need to connect with your db team to check why it is still happening , please send invite as soon as possible last we checked with ph_name, these ph_items were replied after they moved from ph_technical to ph_technical, they exist on ph_technical and replayed to we first fixed their status in ph_technical that they are replied, but they had another issue where they had a record in ph_technical summary table which prevented uploading them again from ph_technical the last script we sent should have fixed the issue we will double check with ph_name and let you know can you please connect with us so we can check the issue with the teller? please send invite please connect to the following meeting can you see any of the ph_items in failed transactions? please we need to run the following on both ph_technical and ph_technical : rollback: ph_sql please try now and let us know if it worked and ph_user did you try clearing the repository, deleting the batches from ph_technical page, refreshing the ph_technical and trying again on ph_name? also, to follow up my call with ph_user , i believe one of the ph_items is due tomorrow can you please present this ph_item through ph_technical and not ph_technical? this will help us to make sure if the issue is from ph_technical or ph_technical please note that we will need to try to simulate this issue on test site to understand what the issue better please note that this should not affect any other batches, so please for other ph_technical ph_technical please try to scan just 1 batch containing 1 ph_item (other than the ph_technical ph_items reported in this ticket issue) and provide us with its ph_item details so we can check if it is progressing properly what i mean is to scan just 1 ph_item that is a different ph_item other than these numbers: we need to test with just one ph_item to confirm it will be scanned with no issues and we can look into the above ph_items with ph_name team that is good, so there are no issues uploading any new ph_items as the issue is only with this batch related to this ticket as ph_user earlier we need to check it with ph_name and try to replicate the issue on test environment we will check tomorrow morning as we had an activity on central bank with ph_name during the weekend and today please tomorrow morning rescan ph_item number: ph_technical this will result in the below error: duplicate ph_item ph_technical; a ph_item with the same ph_technical fields already exists in the database that is ok, we just need this so it's easier to check the logs please let us connect at 9:30 am to check the logs greetings ph_user can you please join this meeting so we can check? please this is urgent and bank team is waiting greetings you can send the ph_item within the next 30 mins please and we will look for it in today's logs with ph_name team thank you, ph_user ph_user we need to check the following ph_item in ph_technical logs for ph_name ph_item number: ph_technical as soon as possible please let us apply the following on one of the ph_items and then as the bank to try to upload the ph_item from ph_technical again with the same ph_item if all goes well then we will do the same for all remaining ph_items please rescan this ph_technical if it works please confirm so we can apply on all other ph_items thank you for sharing greetings we need to apply to the remaining ph_items just confirmed with ph_name team, they applied the needed on the ph_items please upload all remaining ph_items on ph_technical and let us know how it goes waiting your reply please note that we need to double check on test site why this issue happened please take a copy from the ph_technical and ph_user of bank ph_technical from production so we can deploy on test along with the bank's communication service (including ph_technical services) and copy them to test servers (application and communication) please also provide us with the following from this table from both ph_technical and ph_technical let us arrange for a meeting sometime later this week out of this ticket we will consider this ticket resolved and close it"
MND-1010126,Ticket,P3,528,"regards, ph_name team as for yesterday's issue and the one that happened last week, the problem was caused by os itself, as the exception is obvious: ph_technical: unable to create new native thread the issue is: you are running out of native threads, i.e how many threads the operating system will allow your ph_technical to use ticket related: ph_name was updated and the biller issue was solved lately, we had a meeting with your team and suggest to separate the offline ph_user application from the live payments application till now we have latency in the process of preparing the 2 new servers ticket: ph_name , please we need to finalize this deployment to eliminate any issues that might appear due to the exact cause the issue is resolved and now we will put this ticket in resolve under monitoring status ph_user as per ph_user email: dears this is causing a lot of critical cases , yesterday issue affected around ph_technical transactions with average of ph_technical ph_technical which is more than the revenue of the service … this case happened twice this month i believe ( ph_user be different causes) when this case happened the first time we asked for a meeting in order to discuss the separation of the offline ph_user from the payments servers, and this is our recommendation to eliminate such issues please follow up on the deployment ticket we need to finalize it asap ph_user and ph_user , fyi the issue also affected the ph_technical application as well as the launcher application, please we need to solve the issue by moving the offline ph_user to a separate server, and we ph_user increase the threads on the os level please note that as appeared the error mentioned that the system can't create any new java native threads, due to the consumption of threads that offline ph_user caused the offline ph_user is now stopped, as per ph_user ph_name request over email kindly note that based on our meeting today with ph_user ph_name, we agreed on the below points to be done next week: increase the ram over the applications server's actual ram: ph_technical (production) perform ph_technical stress testing over uat (uat) increase ph_technical min and max for launcher and ph_technical and decrease them for tomcat (production) please update us on the below request kindly note that we have done set up the new servers, please help us in below: open a connection for my vpn and ph_user vpn towards: ph_ip_address port : ph_technical (tomcat ph_technical) open the connection from this server: ph_ip_address towards this server : ph_ip_address on port : ph_technical kindly note that the system is stable since we separated the offline ph_user from the servers of the payments, and please update us on the below: so we can perform the below from our side: noted with thanks kindly note that we will be testing the uat, but please confirm that the ph_name system is stable after separate the offline ph_user from the servers of the online ph_user kindly note that the system is stable after separating the offline ph_user from the servers of the online ph_user , based on that we will close this ticket"
MND-1004361,Ticket,P3,210,"regards, ph_name team we are checking this issue with ph_user this issue has been reported to our ph_user , and the team will plan to provide the needed fix as per its propriety we will update the ticket once get the new release from ph_user we are checking this wit ph_user , will get back to you asap we are planning to release a new ph_technical central version that will be sent to ph_name next week, this release is related to deposit auto rejection feature that has been added to ph_technical central and requires a modifications on ph_technical also, ph_technical as we planned with ph_name team that this release is urgent and considered as top priority, after delivering this release then we will start working on the opened issues based on their priorities this release also will include a few major fixes and we will mention them in the release notes, ph_technical we will update the related tickets once it's published we are checking this with ph_user , once get the needed from them, then will update the ticket accordingly we are following up with ph_user , will update it once get a feedback we will check it and get back to you ph_user ph_user we are waiting the ph_user"
MND-1005756,Ticket,P2,91,"regards, ph_name team we appreciate it if you check this with your team first however; the login hint that you mentioned is not related to login itself, it's related to something called “disclaimer message” which is controlled by the ph_user ph_user , your team is already aware of that, regarding the arabic label translation, we will deliver this in any future release ph_user ph_user we are waiting for your kind feedback please confirm to close this ticket and we change عربي to العربية in the next release still under the ph_user"
MND-1010325,Ticket,P2,83,"regards, ph_name team kindly provide us with remote connection at 3 pm in order to check the issue ph_user kindly we connected to your site and checked the issue we didn't find any rules exist or assigned but we found old records in table ph_technical related to the mentioned ph_technical and to solve the issues we deleted the two records so please ask the user to recheck and inform us as you informed us the issue solved so we will close the ticket"
MND-1010327,Ticket,P1,37,"kindly, we will check the reported issue and revert back to you the soonest regards, helpdesk team the same issue had been reported to dev team related old bug ph_link … the development is working on it"
MND-1010516,Ticket,P2,356,"per our last connection, the tls (ph_version and ph_version) was disabled successfully on the test site ( ph_ip_address ) by adding the (ph_technical, ph_technical, ph_technical, ph_technical) on the file ph_path in ph_user profile so we need your kind support to test and get feedback regards, ph_user ph_user is there any update about testing the changes? best regards, ph_user ph_user per our last team connection, kindly note the protocols tlsv1.0 and tlsv1.1 are disabled and tlsv1.2 was enabled on the server please check it and get feedback sure, a screenshot of the evidence has now been uploaded to the ticket already, i have uploaded the three screenshots that explained the status for each protocol on the os side (ph_technical, ph_technical, ph_technical) using the below commands: ph_technical that means , if the protocol is not enabled for the particular target ( ph_ip_address ph_technical), you will see an ssl error, and the output will indicate that it is not able to obtain any certificate information (identical screenshots ph_file and ph_file) if a protocol is enabled for the particular target ( ph_ip_address ph_technical), you will see the complete certificate of the server (screenshot ph_file) and also from the app site (tomcat), we successfully disabled tls (ph_version and ph_version) on the site ( ph_ip_address ) by adding the (ph_technical, ph_technical) to the file ph_path and adding the ph_technical on the ph_user profile we have already applied these configurations on both tomcat and ph_technical from our side so disabling tls protocol is done from our scope perhaps there is a further action that can be done by your os team to disable these protocols from ph_technical or server configurations regards, is there any update about the tls ph_version and ph_version ph_technical best regards, ph_user ph_user greetings noted can we connect today after the session closes to deploy the fix? a kind reminder per our last connection, we applied the fix on the server's production side exactly (server ph_technical and server ph_technical) and restart the tomcats after applying it kindly note that we will consider this ticket closed by the end of the day since no further support is needed from our side"
MND-1010085,Ticket,P2,93,"kindly, can you please elaborate more on this issues such as a screenshot ph_path message is it outward or inward/ international or local please we need extra details to be able to start working on this issue regards, helpdesk team please attached the ph_technical message that went to sftp along with the one that having the ph_technical and went to verification, waiting your feedback kindly we will resolve this ticket in case no reply received from your side, noting that you can always open a new ticket once all related details are available"
MND-1009951,Ticket,P1,167,"regards, ph_user ph_user ph_user kindly note that we will be checking this issue and we will be updating you soon kindly note that we are still investigating the issue with our qc ph_user ph_technical and our developers and we will update you asap kindly note that we have passed this issue to our developers, we will update you once we have any kindly note that the issue is still under development, we will update you asap kindly note that once we got confirmation from our team we will deploy the fix on your site and update you kindly note that as per our qc ph_user ph_technical the issue was fixed and will be delivered on the next uat release kindly note that the fix for this issue is now delivered over uat, please check and update us kindly your updates kindly note that as per your last comment, we will consider this ticket closed, please coordinate with ph_name to include this fix in the next prod release"
MND-1006065,Ticket,P3,990,"we will check from our end and update you soon on this thank you ph_user we are checking it at our end, we will update you soon thank you for the information we are investigating the issue with our ph_user we will let you know the update asap regards ph_user ph_user as discussed yesterday (ph_technical april, ph_technical), kindly provide the class file that support this requirement from client ph_user ph_user ph_technical for ph_user , the current production doesn't support connection of ph_technical over tls ph_path this feature is supported by unified release that we are testing in uat environment for ph_name, we are still working internally to check the possibility of connection of ph_technical over tls ph_path we will update you soon on this communication with ph_user team: ph_technical kind regards, ph_user ph_name yesno ph_user ph_user wed 4 ph_path 4:36 pm greetings as per our understanding, we cannot provide any workaround for related to this issue for current production the only option is to upgrade and have this feature enabled please confirm from your end and we will communicate the same to the client ph_name support and implementation engineer ph_name ph_technical, ph_name, ph_user ph_user ph_name ph_code tue 4 ph_path 8:02 ph_technical greetings i know that the current production environment doesn’t support secure ph_technical normal ph_technical port 25 once you update these parameters, they can test the same on the unified release and ensure future production site capability ph_user ph_user tue 4 ph_path 6:37 ph_technical greetings the current issue reported by client is for current production environment which is not a unified build ( ph_user version ph_technical) the solution that you have provided is for unified environment could you please confirm if these solutions be implemented in current production environment or is there any workaround or fix for the current specific production site? ph_user ph_code tue 4 ph_path 5:31 ph_technical dears, access granted  some content in this message has been blocked because the sender isn't in your safe senders list i trust content from ph_user ph_user ph_user .com | show blocked content some content in this message has been blocked because the sender isn't in your safe senders list ph_user ph_user tue 4 ph_path 5:06 ph_technical greetings please arrange access for the following to me and ph_user ph_link and, sign in ph_url i trust content from ph_user .rafati ph_user .com ph_user ph_name ph_code tue 4 ph_path 3:43 ph_technical can you please verify the parameters mentioned in this story: and that the sec ph_technical version is the one mentioned in this release: ph_user ph_user tue 4 ph_path 2:56 ph_technical greetings the network is fine at the client end could you please enable ph_technical to accept request on port ph_technical with tls enabled and do the changes accordingly in the ph_user to connect ph_technical server at port ph_technical with tls reference ticket: ph_link ph_user ph_name ph_code mon 4 ph_path 6:33 ph_technical greetings the ph_technical on port ph_technical is working on the pipeline, and we have been testing it for a long time with mailhog have you tried to connect to ph_technical using the command line from the server? ph_code kindly share if there is any update on this issue the ph_user is still investigating and working in the issue of connection of ph_technical over tls ph_path on ph_name ph_name system as per ph_user , we are close to the solution and the possible workaround will be provided very soon kindly provide if there is any update ph_user is very near to the solution for ph_name system hopefully, the solution should get available by ph_user 10th 2022 thanks please update if we can provide the fix for ph_name system by today as you mentioned earlier please update if we can provide the fix for ph_name system asap the issue is still under development i will update you asap once the ph_user completes the fixes kindly update if the fixes for ph_technical side is developed thanks for the update the ph_user is currently engaged with the issue of duplicate batches and transactions created at the ph_technical side ph_user will work on this issue as soon as the issue of duplicate batches completes please provide if there is any update on this ticket the fixes has already been delivered by the developer, but since we are very busy with ph_name ph_user upgrade so, the fixes are yet to be tested and delivered to the customer please find the following fixes for ph_name ph_name email issue from plain ph_technical ip and port: find three attachments attached here in this ticket: 1 ph_technical that consists of ph_technical and ph_technical 2 ph_technical that consist of ph_technical and ph_technical add the class file ph_technical inside the location ph_technical ph_path ph_technical of ph_technical ph_path ph_technical ph_technical add the class file ph_technical in the location ph_technical ph_path ph_technical of ph_technical ph_path ph_technical ph_technical 3 add the following content in the file ph_technical in the location: web-inf ph_path .xml ph_code ph_code ph_code ph_code ph_code ph_code ph_code ph_code 4 add the following content in the file app-camel-settings.properties in the location: web-inf ph_path .properties: 5 replace ph_code with ph_code in the following location: web-inf ph_path .xml 6 execute the following query: sql: ph_sql 7 replace the old jar ph_technical with the new jar ph_technical in the location: ph_technical ph_path add the class file ph_technical inside the location ph_technical ph_path ph_technical of ph_name ph_path ph_technical add the class file ph_technical in the location ph_technical ph_path ph_technical of ph_name ph_path ph_technical ph_technical add the following content inside the location: web-inf ph_path .xml: 4.add the following content to the location:web-inf ph_path .properties: 5.replace ph_code with ph_code inside web-inf ph_path .xml run the following sql query: ph_sql please deploy the changes at the uat, test it and make sure it fulfils the needs before moving it to production also do let us know if you need any assistance kindly update on this ticket this issue is still in investigation phase we are checking this issue with high priorities"
MND-1009661,Ticket,P1,200,"kindly note that we will be checking this issue and we will be updating you soon regards, ph_user kindly note that we are using the below api's: ph_technical kindly confirm to replacement of the purchase api, and provide the new api to be replaced with kindly provide us with the ph_technical full ph_technical to be added similar like ph_technical, noted, i will check with ph_name team and update you kindly note that ph_name team currently will have meetings to discuss this issue with the business team, and we will update you once we have any update kindly provide your update we are still waiting for feedback from our team on when we can implement the solution kindly note that we have deployed a new version of roots over uat that contains the fix for this issue, please check and advise fyi, done from my side please consider opening a new ticket and confirming the test result over email, and we will not move the fix to production until confirmation over email also, please advice in order to close this ticket kindly note that based on your last comment and the confirmation in the email we will consider this ticket closed"
MND-1009327,Ticket,P3,56,"regards, ph_name team dears, the ticket has been acknowledged ph_user ph_user this ticket is still under investigation phase the issue has been reported to ph_user and we are awaiting feedback from dev team please send us the tomcat logs for this issue this issue has already been reported to ph_user and we are waiting for response"
MND-1009691,Ticket,P2,94,"regards, ph_name team this query was added to protect a scenario of duplicated messages with a very rare case, however, its been removed and handled in a different way in ph_name release ( ph_version ) our team will arrange with you for a uat and production deployment this week ph_user greetings kindly note that ph_name release (ph_version) is deployed over uat regards, ph_user kindly note that ph_name release (ph_version) is deployed over production please let us know if you have any questions or concerns kindly consider closing the ticket in case no updates required"
MND-1009968,Ticket,P3,110,"regards, ph_name team we will check it and update your further ph_user please provide us the further details such as the logs during the action, tables in ph_technical while checking the holidays ph_user ph_user please update access control directory is not responding inside pam we connected and tried to replicate the issue of holiday date format mismatch in ph_user and ph_name in uat, but the issue could not replicated since we have no evidence for the issue reported, for now i am going to close this ticket we can reopen the ticket and check together next time, whenever any holiday should be added except already added holidays in the system"
MND-1006784,Ticket,P2,352,"regards, ph_name team kindly note that we will check this issue and get back to you ph_user kindly please, join our zoom meeting at below url: ph_link ph_name let me know when we can call you in a zoom meeting to talk about the details of this issue we couldn't talk about this ticket in the previous meeting, please arrange another time to connect and solve this issue kindly note, i will check the sample and get back to you asap kindly note, we need to have a zoom meeting with you to get more details about this issue please tell us what time you will be available please arrange another time to connect and solve this issue can you call me when you are ready? kindly note, we connected ph_user whatsapp and he was busy and he not able to join us, please when he can, ask him to call me to discuss this ticket kindly note, you can call me when you are ready is there any update on this ticket? kindly, provide me with a new sample, as the provided one is old and the logs are not complete for this sample kindly note, this ticket is still under investigation and we will return to you with our feedback as soon as possible please execute the below sql query on the production database and provide me with its result: ph_sql thank you for your feedback, we will return to you with our feedback as soon as possible kindly note, we are still working with our team to solve this issue, we will feedback you once we have any update on this issue ph_code kindly note the root cause is a bug in the system which the dev team is working to solve it asap kindly note, we deployed the fix over the test environment, now we are waiting you to test it, so we can apply it over the production environment kindly note, we deployed a new release (ph_name) and the issue was fixed successfully please note that this issue is considered resolved in production and will be closed"
MND-1007543,Ticket,P1,618,"regards, ph_name team as per call with ph_user , kindly be informed that this ticket has been assigned to you ph_user ph_user ph_user kindly note that we will be checking this issue and we will update you soonest please note that we will open gitlab issue for mobile developers to follow up on this issue, also please check this response on ph_technical, please check it and update us: ph_logs noted, thanks for the feedback please note that the fix for this issue has already been delivered with the latest build, please check and advise in order to close this ticket please is there are any updates? kindly note that we have asked the developer and we will update soonest, but you can simulate the same case by performing the same ph_user from ios device and checking the request and response of the message at the backend, and this issue: ph_technical } should be resolved please note that the case did not appear with the developer, the case related to ph_technical encoder so the developer changed the configuration of it kindly you should test it on the same device on which the issue appears on it noted, with thanks please note that the case did not appear with the developer, the case was related to ph_technical encoder so the developer changed its configuration kindly did you test it on the same device on which the issue appears on it? please note that the mobile number or any other initial data is being processed in the mobile app, not the ph_technical, so this mobile number comes from the mobile app! please did you test it on the same device on which the issue appears on it? please clarify the last comment iphone ph_technical and ph_technical and not appeared , kindly note that we have provided you with the solution for this issue with the previous version, please check with ph_user and update us in order to close the ticket please note that we will pass the note to the developers and update you please we need test cases from your side in order to provide them to the developers please we need steps to reproduce the same case please we need detailed steps to reproduce the case, we can't figure out how to reproduce it without help from your side please your updates, since we cant reproduce the case without your help also, please check if this issue is persist or not noted with thanks, now we will pass your notes to the developers kindly note that this issue is still under development kindly note that our developers are still working to fix this issue, and we will update you soon kindly note that the case does not appear with the developers, please your feedback noted, we will pass your note to the developers kindly do you need the fix of this issue on the uat or as a hotfix on the production? if you need it on production please provide us with the production build details such as the gitlab tag kindly your updates noted, we will pass your request to our developer ph_user , ph_user kindly find the below release connected to the rehearsal: ph_link code: ph_technical tage: 1.44.5 please check and advise kindly any updates noted, we will pass your request on to our developer kindly find below the link for ph_name ios app connected to production: ph_link code: ph_technical version name: 1.8.1 tag: 1.44.5 note: please test it using ph_technical before submitting it to the store ph_user , kindly note that as per your last comment, we will consider this ticket closed, and you can open a new ticket in case you face the same issue"
MND-1010506,Ticket,P3,450,"regards, ph_name team as discussed , please attach the ph_user logs we will try to replicate the case and share you the findings thank you ph_user we are checking the issue from our end, we will try to replicate the scenarios and update you accordingly we replicated two errors in our local environment ph_technical , and we have already informed the ph_user of these errors and exceptions but we were unable to replicate error ph_technical thus we would like to connect to the client to see under what circumstance this errors occur kindly let us to connect to the client, when this error occurs at the client end ph_user ph_user kindly provide us below class files of bank from production, we will inform you if any required we discussed internally with dev team about the exceptions that we seen in the attached log we came to the following conclusion ; error related to the listing of batchs: ph_logs though this message displayed as error in the logs, it is not an actual error this message is generated in log to preserve the batch information that could be helpful during any kind of issues similarly, report generation exceptions as from below also not an actual error this message is generated in the log to preserve the sql query related with the report also, we checked with other site, the log generation of above messages is exactly similar as it is in ph_name so, there is no any negative impact to keeping this log as it is for the third exceptions as shown below, we could not replicate but we are still investigating so, better if we could connect to know the actual scenario when this error actually occurs as per communication on whatsapp, we will discuss the possibilities to change these exceptions in info level we are testing fixes provided by dev team once confirmed we will deliver to client after applying fixes in local environment, both ph_technical and ph_technical exceptions are shown as info level instead of error level please find the fixes ph_technical , note: before replacing file with new , please take backup of the current one please, first apply in uat then apply to production after verify in uat kindly let us know if you have any query also, there is another exception: ph_technical in log we are unable to replicate this exception in our local environment but still we are trying also, for ph_technical exception , we will open another ticket after conforming for above two exceptions in production and close this ticket kindly update if the fixes have been applied after applying fixes, if there is no problem, we will close this ticket by eod"
MND-1010572,Ticket,P2,20,"regards, ph_name team kindly note that the customer is default account now ph_user ph_user please consider this ticket as closed"
MND-1009024,Ticket,P2,345,"regards, ph_name team as per the call with ph_user , kindly be informed that this ticket has been assigned to you ph_user greetings kindly note that we will check this and get back to you regards, ph_user ph_user greetings kindly note that we need to arrange a meeting with you, to check configuration of ph_technical on production lets connect tomorrow on this matter at 11:00 am regards, ph_user ph_user greetings kindly check the status of this with the integration team, and let me know if anything is needed from our-side i think the same it seems there is a misunderstanding, as per our call last wednesday, you ph_user you will check this with the integration team lets meet today on 2:00 pm, or on your available time kindly note that the below is tested on production: sent ph_technical from a bank (ph_name) to ph_name checked the logs on ph_name ph_logs ph_technical this means that we are getting ph_technical logs on ph_technical request received for receive ph_technical is : ph_code this means that also the ph_technical arrived to ph_name the transaction can be accepted by using the accepting request sample: ph_code please let me know if you have any questions or concerns and please consider closing this ticket in case there are no update please let me know if you have any questions or concerns and please consider closing this ticket in case there are no update kindly provide an update on this we are receiving ph_technical, but what do you mean by (replying for the ph_technical)ph_technical do you mean accept ph_technical? this needs to be tested from your side you can first send an ph_technical from another participants and then accept or reject the ph_technical, check below sample to accept an ph_technical ph_code kindly note that this is tested on uat and worked as expected please consider closing this ticket in case there are no update ph_user ph_user please consider closing this ticket in case there are no update ph_user ph_user kindly note that this ticket will closed this thursday in case no update provided"
MND-1010562,Ticket,P1,51,"regards, ph_name team kindly note that we have deployed a new fix for this issue on uat, please check and update us ph_user kindly note that we have deployed the fix over production, please check and advice kindly note that based on your last comment we will consider this ticket closed"
MND-1010384,Ticket,P2,49,"best regards, ph_name team kindly note that we will be checking this issue and we will be updating you soon regards, ph_user fyi check with ph_name ph_name, and we will check it from our side kindly note that based on your last comment we will consider this ticket closed"
MND-1007137,HD Service,P2,251,"regards, ph_name team we will check internally and get back to you please advise, do we need to check this with ph_user ph_technical please note that we opened an issue on gitlab regarding this security scan i added the link to this ticket to the gitlab issue any updates on this please? on ph_technical ph_path , the ph_technical file has modified to the following: we activate the below filter by ph_technical it to solve point one vulnerability from the excel sheet: ph_code ph_technical we added the following to the ph_technical file to solve point three vulnerability from the excel sheet: these changes applied to the test server the rest of the points from the excel sheet still working on it any update about this ticket? the points one and three from the excel sheet are solved as follow: dears, we are waiting from developers the fixes any updates about this ticket? points ph_technical and ph_technical of the excel sheet are solved and applied on the test server regarding the security point #2: ""no rate limit on change password functionality"": this can be solved from the application - security policy, by changing the value of the parameter ph_technicalmin password age ph_technical to set the number of days that the password has to stay before being able to change it and there is another parameter ph_technicalsave last passwords ph_technical that the ph_user can use to disallow the user to use one of the old ph_path saved passwords this ticket is now considered closed"
MND-1009576,Ticket,P2,257,"regards, ph_name team greetings ph_user , please connect us to check ph_user ph_user please provide us the ph_item details please send me the ph_technical num or provide the actual ph_item image we have two solution below: we can update the ph_technical date from the database delete the ph_technical then rescan the ph_technical manual kind reminder please provide us with the ph_item date we need to update the ph_item data, please suggest a time to connect to prepare the script we need to update the ph_item data, please suggest a time to connect to prepare the script, we need a database team we need to execute the below on ph_technical to fix the issue: ph_sql the rollback: i told ph_user to test the update statement but i don't know if it was tested you can simulate the issue with different ph_items the issue is the teller when scanning the ph_item entered the wrong ph_item date just we need to update the ph_item date with the correct ph_technical ph_path instead of ph_technical ph_path and i already provided the updated statement already we discuss this issue with ph_user and he told me to update the ph_item date after i gave him two solutions and he confirmed to update on the ph_item date after discussing the issue with ph_name team, we can't update the ph_item date from the ph_technical level because the ph_item has already been accepted according to our policy, we will close this ticket because of a lack of updates if you face any issues please open a ticket"
MND-1007254,Ticket,P2,113,"regards, ph_name team ph_user , ph_user , please connect us to check the issue ph_user ph_user greetings ph_user , please suggest a time to connect us to check we can connect at 10:00 after the investigation of the issue, we appear the response message response time out please check from your side please connect us to check please suggest another time to connect please connect us to prepare the db script kind reminder after checking the issue the ph_item has already appeared from the failed transaction because we found the user exported the ph_item from the failed transaction and we will close this ticket if you have any further questions, please don't hesitate"
MND-1007646,Deployment,P3,63,"please find the attached document for the new ph_user ph_user ph_version and ph_technical ph_version releases for the sit env regards ph_technical an sql script has been sent to fix the last issue raised by ph_user in ph_technical -sync please keep us updated new version for both ph_user ph_user and ph_technical sync has been deployed on prod, we will close the ticket for now"
MND-1008912,Ticket,P2,67,"regards, ph_name team kindly note, you will be updated soon on this ticket ph_user kindly note, this ticket is still under investigation and we will return to you with our feedback as soon as possible please note that ph_technical is not sent to ph_name by us, can we know the reason why ph_name reported this? is there any update on this ticket? thank you for your feedback"
MND-1008671,Ticket,P2,137,"regards, ph_name team kindly note, the connection close issue is identified and we will deploy a new release that has the fix on your uat environment once finished ph_user kindly note, the new release is deployed at the test environment, the fix is a set of components inside spring to prevent database sessions close sorry for the mistake, the fix is not exist on test, it will be on the next release kindly note that we have a fix ready to be deployed on your test server to solve the issue please note that this issue is considered resolved in production and will be closed thank you for your feedback, kindly note this issue is considered as resolved and will be closed if you require any further assistance in the future regarding this issue please inform us"
